image_id,filename,filepath,split,caption,label,all_captions_json
flickr30k_0,1000092795.jpg,/workspace/Semana4/Proyecto/data/processed/flickr30k_hf/images/1000092795.jpg,train,Two young guys with shaggy hair look at their hands while hanging out in the yard.,,"[""Two young guys with shaggy hair look at their hands while hanging out in the yard."", ""Two young, White males are outside near many bushes."", ""Two men in green shirts are standing in a yard."", ""A man in a blue shirt standing in a garden."", ""Two friends enjoy time spent together.""]"
flickr30k_1,10002456.jpg,/workspace/Semana4/Proyecto/data/processed/flickr30k_hf/images/10002456.jpg,train,Several men in hard hats are operating a giant pulley system.,,"[""Several men in hard hats are operating a giant pulley system."", ""Workers look down from up above on a piece of equipment."", ""Two men working on a machine wearing hard hats."", ""Four men on top of a tall structure."", ""Three men on a large rig.""]"
flickr30k_2,1000268201.jpg,/workspace/Semana4/Proyecto/data/processed/flickr30k_hf/images/1000268201.jpg,train,A child in a pink dress is climbing up a set of stairs in an entry way.,,"[""A child in a pink dress is climbing up a set of stairs in an entry way."", ""A little girl in a pink dress going into a wooden cabin."", ""A little girl climbing the stairs to her playhouse."", ""A little girl climbing into a wooden playhouse."", ""A girl going into a wooden building.""]"
flickr30k_3,1000344755.jpg,/workspace/Semana4/Proyecto/data/processed/flickr30k_hf/images/1000344755.jpg,train,Someone in a blue shirt and hat is standing on stair and leaning against a window.,,"[""Someone in a blue shirt and hat is standing on stair and leaning against a window."", ""A man in a blue shirt is standing on a ladder cleaning a window."", ""A man on a ladder cleans the window of a tall building."", ""Man in blue shirt and jeans on ladder cleaning windows"", ""A man on a ladder cleans a window""]"
flickr30k_4,1000366164.jpg,/workspace/Semana4/Proyecto/data/processed/flickr30k_hf/images/1000366164.jpg,train,"Two men, one in a gray shirt, one in a black shirt, standing near a stove.",,"[""Two men, one in a gray shirt, one in a black shirt, standing near a stove."", ""Two guy cooking and joking around with the camera."", ""Two men in a kitchen cooking food on a stove."", ""Two men are at the stove preparing food."", ""Two men are cooking a meal.""]"
flickr30k_5,1000523639.jpg,/workspace/Semana4/Proyecto/data/processed/flickr30k_hf/images/1000523639.jpg,train,Two people in the photo are playing the guitar and the other is poking at him.,,"[""Two people in the photo are playing the guitar and the other is poking at him."", ""A man in green holds a guitar while the other man observes his shirt."", ""A man is fixing the guitar players costume."", ""A guy stitching up another man's coat."", ""The two boys playing guitar""]"
flickr30k_6,1000919630.jpg,/workspace/Semana4/Proyecto/data/processed/flickr30k_hf/images/1000919630.jpg,train,A man sits in a chair while holding a large stuffed animal of a lion.,,"[""A man sits in a chair while holding a large stuffed animal of a lion."", ""A man is sitting on a chair holding a large stuffed animal."", ""A man completes the finishing touches on a stuffed lion."", ""A man holds a large stuffed lion toy."", ""A man is smiling at a stuffed lion""]"
flickr30k_7,10010052.jpg,/workspace/Semana4/Proyecto/data/processed/flickr30k_hf/images/10010052.jpg,train,A girl is on rollerskates talking on her cellphone standing in a parking lot.,,"[""A girl is on rollerskates talking on her cellphone standing in a parking lot."", ""A trendy girl talking on her cellphone while gliding slowly down the street."", ""A young adult wearing rollerblades, holding a cellular phone to her ear."", ""There is a young girl on her cellphone while skating."", ""Woman talking on cellphone and wearing rollerskates.""]"
flickr30k_8,1001465944.jpg,/workspace/Semana4/Proyecto/data/processed/flickr30k_hf/images/1001465944.jpg,train,An asian man wearing a black suit stands near a dark-haired woman and a brown-haired woman.,,"[""An asian man wearing a black suit stands near a dark-haired woman and a brown-haired woman."", ""Three people are standing outside near large pipes and a metal railing."", ""A young woman walks past two young people dressed in hip black outfits."", ""A woman with a large purse is walking by a gate."", ""Several people standing outside a building.""]"
flickr30k_9,1001545525.jpg,/workspace/Semana4/Proyecto/data/processed/flickr30k_hf/images/1001545525.jpg,train,Two men in Germany jumping over a rail at the same time without shirts.,,"[""Two men in Germany jumping over a rail at the same time without shirts."", ""Two youths are jumping over a roadside railing, at night."", ""Boys dancing on poles in the middle of the night."", ""Two men with no shirts jumping over a rail."", ""Two guys jumping over a gate together""]"
flickr30k_10,1001573224.jpg,/workspace/Semana4/Proyecto/data/processed/flickr30k_hf/images/1001573224.jpg,train,Five ballet dancers caught mid jump in a dancing studio with sunlight coming through a window.,,"[""Five ballet dancers caught mid jump in a dancing studio with sunlight coming through a window."", ""Ballet dancers in a studio practice jumping with wonderful form."", ""Five girls are leaping simultaneously in a dance practice room."", ""Five girls dancing and bending feet in ballet class."", ""A ballet class of five girls jumping in sequence.""]"
flickr30k_11,1001633352.jpg,/workspace/Semana4/Proyecto/data/processed/flickr30k_hf/images/1001633352.jpg,train,Three young men and a young woman wearing sneakers are leaping in midair at the top of a flight of concrete stairs.,,"[""Three young men and a young woman wearing sneakers are leaping in midair at the top of a flight of concrete stairs."", ""Four casually dressed guys jumping down a stairway outdoors with a stone wall behind them."", ""Four guys three wearing hats one not are jumping at the top of a staircase."", ""Four men with excited faces are jumping down from the top of stairs."", ""Four people are jumping from the top of a flight of stairs.""]"
flickr30k_12,1001773457.jpg,/workspace/Semana4/Proyecto/data/processed/flickr30k_hf/images/1001773457.jpg,train,A black dog and a white dog with brown spots are staring at each other in the street.,,"[""A black dog and a white dog with brown spots are staring at each other in the street."", ""A black dog and a tri-colored dog playing with each other on the road."", ""Two dogs of different breeds looking at each other on the road."", ""Two dogs on pavement moving toward each other."", ""A black dog and a spotted dog are fighting""]"
flickr30k_13,1001896054.jpg,/workspace/Semana4/Proyecto/data/processed/flickr30k_hf/images/1001896054.jpg,train,A man with reflective safety clothes and ear protection drives a John Deere tractor on a road.,,"[""A man with reflective safety clothes and ear protection drives a John Deere tractor on a road."", ""John Deere tractors cruises down a street, while the driver wears easy to see clothing."", ""A man in a neon green and orange uniform is driving on a green tractor."", ""A man in a tractor wearing headphones driving down a paved street."", ""A man driving a John Deere tractor on a main road in the country.""]"
flickr30k_14,100197432.jpg,/workspace/Semana4/Proyecto/data/processed/flickr30k_hf/images/100197432.jpg,train,Some women are standing in front of a bus with buildings behind it.,,"[""Some women are standing in front of a bus with buildings behind it."", ""Several women stand on a city street with tall buildings."", ""A group of women are standing in front of a bus."", ""Several women wait outside in a city."", ""Women are standing outside""]"
flickr30k_15,100207720.jpg,/workspace/Semana4/Proyecto/data/processed/flickr30k_hf/images/100207720.jpg,train,A young woman with dark hair and wearing glasses is putting white powder on a cake using a sifter.,,"[""A young woman with dark hair and wearing glasses is putting white powder on a cake using a sifter."", ""A lady in a black top with glasses is sprinkling powdered sugar on a bundt cake."", ""A woman wearing glasses sprinkles powdered sugar onto her bundt cake."", ""Girl in black jacket sifting powdered sugar over a chocolate cake."", ""A standing woman holds a pan over a cake.""]"
flickr30k_16,1002674143.jpg,/workspace/Semana4/Proyecto/data/processed/flickr30k_hf/images/1002674143.jpg,train,A small girl in the grass plays with fingerpaints in front of a white canvas with a rainbow on it.,,"[""A small girl in the grass plays with fingerpaints in front of a white canvas with a rainbow on it."", ""A little girl covered in paint sits in front of a painted rainbow with her hands in a bowl."", ""There is a girl with pigtails sitting in front of a rainbow painting."", ""A little girl is sitting in front of a large painted rainbow."", ""Young girl with pigtails painting outside in the grass.""]"
flickr30k_17,1003163366.jpg,/workspace/Semana4/Proyecto/data/processed/flickr30k_hf/images/1003163366.jpg,train,A man sleeping on a bench outside with a white and black dog sitting next to him.,,"[""A man sleeping on a bench outside with a white and black dog sitting next to him."", ""A man lays on the bench to which a white dog is also tied."", ""Man laying on bench holding leash of dog sitting on ground"", ""A shirtless man lies on a park bench with his dog."", ""A man lays on a bench while his dog sits by him.""]"
flickr30k_18,1003420127.jpg,/workspace/Semana4/Proyecto/data/processed/flickr30k_hf/images/1003420127.jpg,train,"A group of adults, inside a home, sitting on chairs arranged in a circle, playing a type of musical instruments.",,"[""A group of adults, inside a home, sitting on chairs arranged in a circle, playing a type of musical instruments."", ""Five musicians, a man and four women, practicing sheet music (using flutes ) in a living room."", ""People gathered in a circle, some holding musical instruments."", ""People gathered in a room to talk about their favorite tunes."", ""Five people are sitting in a circle with instruments.""]"
flickr30k_19,1003428081.jpg,/workspace/Semana4/Proyecto/data/processed/flickr30k_hf/images/1003428081.jpg,train,"Two women, both wearing glasses, are playing clarinets and an elderly woman is playing a stringed instrument.",,"[""Two women, both wearing glasses, are playing clarinets and an elderly woman is playing a stringed instrument."", ""At least four instrumentalists play clarinets and other instruments in a curtained room."", ""Four women in a living room, three of which are clearly playing a musical instrument."", ""A bunch of elderly women play their clarinets together as they read off sheet music."", ""A group of four women, are performing music on their instruments.""]"
flickr30k_20,100444898.jpg,/workspace/Semana4/Proyecto/data/processed/flickr30k_hf/images/100444898.jpg,train,A person in gray stands alone on a structure outdoors in the dark.,,"[""A person in gray stands alone on a structure outdoors in the dark."", ""A large structure has broken and is laying in a roadway."", ""A man in a gray coat is standing on a washed out bridge."", ""A man stands on wooden supports and surveys damage."", ""A man in a jacket and jeans standing on a bridge.""]"
flickr30k_21,1005216151.jpg,/workspace/Semana4/Proyecto/data/processed/flickr30k_hf/images/1005216151.jpg,train,A man in a white t-shirt looks toward the camera surrounded by a crowd near a metro station.,,"[""A man in a white t-shirt looks toward the camera surrounded by a crowd near a metro station."", ""A large crowd of people stand outside in front of the entrance to a Metro station."", ""A group of people are walking through a city street."", ""A crowd is portrayed near a metro station."", ""Crowd standing outside a metro area.""]"
flickr30k_22,100577935.jpg,/workspace/Semana4/Proyecto/data/processed/flickr30k_hf/images/100577935.jpg,train,A man with a goatee in a black shirt and white latex gloves is using a tattoo gun to place a tattoo on someone's back.,,"[""A man with a goatee in a black shirt and white latex gloves is using a tattoo gun to place a tattoo on someone's back."", ""A man is putting a tattoo on a another's man upper back."", ""A man with a black shirt giving another man a tattoo."", ""A man is putting tattoo on his back."", ""A man getting a tattoo on his back.""]"
flickr30k_23,1006452823.jpg,/workspace/Semana4/Proyecto/data/processed/flickr30k_hf/images/1006452823.jpg,train,"Two children, a girl and a boy are practicing their writing.",,"[""Two children, a girl and a boy are practicing their writing."", ""Two children sit on a small seesaw in the sand."", ""Two children sitting on a teeter totter."", ""2 kids playing on a seesaw"", ""Two kids sit on a seesaw.""]"
flickr30k_24,100652400.jpg,/workspace/Semana4/Proyecto/data/processed/flickr30k_hf/images/100652400.jpg,train,A man in a blue hard hat and orange safety vest stands in an intersection while holding a flag.,,"[""A man in a blue hard hat and orange safety vest stands in an intersection while holding a flag."", ""A man wearing a hard hat and a caution vest is standing in the street waving an orange flag."", ""A man in bright vest and hard hat holds a flag on a street corner covered in spray paint"", ""A construction worker is standing in the street and holding a red flag."", ""A man wearing a reflective vest and a hard hat holds a flag in the road""]"
flickr30k_25,1007129816.jpg,/workspace/Semana4/Proyecto/data/processed/flickr30k_hf/images/1007129816.jpg,test,The man with pierced ears is wearing glasses and an orange hat.,,"[""The man with pierced ears is wearing glasses and an orange hat."", ""A man with glasses is wearing a beer can crocheted hat."", ""A man with gauges and glasses is wearing a Blitz hat."", ""A man in an orange hat starring at something."", ""A man wears an orange hat and glasses.""]"
flickr30k_26,100716317.jpg,/workspace/Semana4/Proyecto/data/processed/flickr30k_hf/images/100716317.jpg,train,A person with long gray hair has a beret with beige and white wearing a blue raincoat is painting a marketplace scenery surrounded by other artists and paintings.,,"[""A person with long gray hair has a beret with beige and white wearing a blue raincoat is painting a marketplace scenery surrounded by other artists and paintings."", ""A person dressed in a blue coat is standing in on a busy sidewalk, studying painting of a street scene."", ""A person with gray hair is painting in a public place surrounded by others who are also painting."", ""Lady in blue coat with white and brown hat standing in front of a painting."", ""Passerby admiring painting at an outdoor art fair.""]"
flickr30k_27,1007205537.jpg,/workspace/Semana4/Proyecto/data/processed/flickr30k_hf/images/1007205537.jpg,train,A man stands on one foot while holding on to a waste basket.,,"[""A man stands on one foot while holding on to a waste basket."", ""A man in green pants and blue shirt pushing a cart."", ""Janitor pushing dolly outside with janitor tools."", ""A man in green pants walking down the road."", ""A man in bright pants is pushing a cart.""]"
flickr30k_28,1007320043.jpg,/workspace/Semana4/Proyecto/data/processed/flickr30k_hf/images/1007320043.jpg,train,A small child grips onto the red ropes at the playground.,,"[""A small child grips onto the red ropes at the playground."", ""A little girl in pink climbs a rope bridge at the park."", ""The small child climbs on a red ropes on a playground."", ""A little girl climbing on red roping."", ""A child playing on a rope net.""]"
flickr30k_29,100759042.jpg,/workspace/Semana4/Proyecto/data/processed/flickr30k_hf/images/100759042.jpg,train,Young man in jacket holding a toothpick with something on the end of it,,"[""Young man in jacket holding a toothpick with something on the end of it"", ""A young man traveling on bus with a piece of flower in his hands."", ""A teen holding an unknown object for photographers."", ""A young man on a train holds an origami crane."", ""You know i am looking like Justin Bieber.""]"
flickr30k_30,10082347.jpg,/workspace/Semana4/Proyecto/data/processed/flickr30k_hf/images/10082347.jpg,train,Young blond man in a blue and yellow jacket smiling while standing in front of a net.,,"[""Young blond man in a blue and yellow jacket smiling while standing in front of a net."", ""A young man in a black and yellow jacket is gazing at something and smiling."", ""A young man holding a pole vault looks determined."", ""A man is holding a pole and smiling."", ""A smiling man looking at the sky.""]"
flickr30k_31,10082348.jpg,/workspace/Semana4/Proyecto/data/processed/flickr30k_hf/images/10082348.jpg,train,A man with a baseball cap and black jacket stands in a bathroom while holding a coffee mug.,,"[""A man with a baseball cap and black jacket stands in a bathroom while holding a coffee mug."", ""A man is wearing a ball cap and holding a coffee cup between to urinals."", ""A man is posing next to a urinal with a cup of coffee."", ""A man holds a coffee cup while in the bathroom."", ""A man standing at a urinal with a coffee cup.""]"
flickr30k_32,100845130.jpg,/workspace/Semana4/Proyecto/data/processed/flickr30k_hf/images/100845130.jpg,train,Five people walking with a multicolored sky in the background.,,"[""Five people walking with a multicolored sky in the background."", ""Four people walking through the sunset in clear blue skies."", ""Four people walking with the sun setting behind them."", ""Four silhouettes decorate the horizon's sunset."", ""A group of people walking as the sun sets.""]"
flickr30k_33,10090841.jpg,/workspace/Semana4/Proyecto/data/processed/flickr30k_hf/images/10090841.jpg,train,A man with black hair sits in a restaurant with a glass of beer.,,"[""A man with black hair sits in a restaurant with a glass of beer."", ""A man is sitting at a table with a drink."", ""A man is sitting at a table with a beer."", ""A dark-haired man sitting drinking."", ""A old man having a beer alone.""]"
flickr30k_34,1009434119.jpg,/workspace/Semana4/Proyecto/data/processed/flickr30k_hf/images/1009434119.jpg,test,A black and white dog is running in a grassy garden surrounded by a white fence.,,"[""A black and white dog is running in a grassy garden surrounded by a white fence."", ""A Boston Terrier is running on lush green grass in front of a white fence."", ""A black and white dog is running through the grass."", ""A dog runs on the green grass near a wooden fence."", ""A Boston terrier is running in the grass.""]"
flickr30k_35,1009692167.jpg,/workspace/Semana4/Proyecto/data/processed/flickr30k_hf/images/1009692167.jpg,train,An officer in a reflective vest stands at the front of his van with his dog.,,"[""An officer in a reflective vest stands at the front of his van with his dog."", ""A trained police dog sits next to his handler in front of the police van."", ""A security man with his watch dog is looking for something."", ""A policeman is standing with a German Shepherd dog."", ""A policeman stops on a street with a search dog.""]"
flickr30k_36,101001624.jpg,/workspace/Semana4/Proyecto/data/processed/flickr30k_hf/images/101001624.jpg,train,"The ""white out"" conditions of snow on the ground seem to almost obliverate the details of a man dressed for the cold weather in a heavy jacket and red hat riding a bicycle in a suburban neighborhood.",,"[""The \""white out\"" conditions of snow on the ground seem to almost obliverate the details of a man dressed for the cold weather in a heavy jacket and red hat riding a bicycle in a suburban neighborhood."", ""A young boy rides a bike down a snow covered road."", ""A boy in the snow riding his bike down the street."", ""A person riding a bike on a snowy road."", ""A person riding a bike in snow.""]"
flickr30k_37,1010031975.jpg,/workspace/Semana4/Proyecto/data/processed/flickr30k_hf/images/1010031975.jpg,train,"Five men, uniformly dressed in white shirts, tie and black slacks converse at the back of an open van.",,"[""Five men, uniformly dressed in white shirts, tie and black slacks converse at the back of an open van."", ""Small group of 5 white males in white suits hanging out by the back of a van in a parking lot talking."", ""Five men in white short-sleeved shirts and ties stand in a parking lot."", ""A group of men wearing ties talk while standing on the street."", ""Colleges stop to take a break from there business meetings.""]"
flickr30k_38,1010087179.jpg,/workspace/Semana4/Proyecto/data/processed/flickr30k_hf/images/1010087179.jpg,train,A tan man with a backwards hat looks at the camera while walking through a factory.,,"[""A tan man with a backwards hat looks at the camera while walking through a factory."", ""Older man working in a factory not looking too excited about the photograph."", ""A man in a white shirt and black camp among many machines."", ""A man with a backwards hat works on machinery."", ""A man wearing a backwards cap at work.""]"
flickr30k_39,1010087623.jpg,/workspace/Semana4/Proyecto/data/processed/flickr30k_hf/images/1010087623.jpg,train,A caucasian man wearing a short-sleeved black shirt and a dark-skinned woman wearing a sleeveless dress are working at a conveyor.,,"[""A caucasian man wearing a short-sleeved black shirt and a dark-skinned woman wearing a sleeveless dress are working at a conveyor."", ""A black woman and a white man working in a factory setting packing jars with candles into boxes."", ""A woman is sorting white tall candles as a man in a green shirt stands behind her."", ""A warehouse manager assisting an employee."", ""Two people working on an assembly line.""]"
flickr30k_40,10101477.jpg,/workspace/Semana4/Proyecto/data/processed/flickr30k_hf/images/10101477.jpg,train,"Man wearing a blue and white outfit, holding a broom, with a traditional Asian architecture in the background.",,"[""Man wearing a blue and white outfit, holding a broom, with a traditional Asian architecture in the background."", ""A Asian man wearing a white top and baby blue bottoms is using a broom to remove the dirt of the pavement."", ""A man in a white and blue kimono is using a broom to sweep pavement."", ""Man sweeping the street outside."", ""Asian man sweeping the walkway.""]"
flickr30k_41,1010470346.jpg,/workspace/Semana4/Proyecto/data/processed/flickr30k_hf/images/1010470346.jpg,train,Two men in florescent vests are standing next to parked cars in front of a small building while one of them converses with a driver and a woman on a bike is seen riding by,,"[""Two men in florescent vests are standing next to parked cars in front of a small building while one of them converses with a driver and a woman on a bike is seen riding by"", ""A man leans into a car to talk to the driver, as a man on a bicycle looks on."", ""A man on a bicycle watching a row of cars waiting to go through a checkpoint."", ""A park ranger talking to a tourist."", ""Two cars are parked outside.""]"
flickr30k_42,1010673430.jpg,/workspace/Semana4/Proyecto/data/processed/flickr30k_hf/images/1010673430.jpg,train,A little girl in a pink shirt and a little girl in an orange shirt sitting in the grass.,,"[""A little girl in a pink shirt and a little girl in an orange shirt sitting in the grass."", ""Two young children eating a snack and playing in the grass."", ""Two young toddlers outside on the grass."", ""Two infants are at play in the yard."", ""2 female babies eating chips.""]"
flickr30k_43,101093029.jpg,/workspace/Semana4/Proyecto/data/processed/flickr30k_hf/images/101093029.jpg,train,A person in tan pants is inside a silver mobile object while people watch.,,"[""A person in tan pants is inside a silver mobile object while people watch."", ""People are watching a person in a weird vehicle in a plaza."", ""A man in a blue shirt driving a Segway type vehicle."", ""A showing of product to advertise"", ""A crowd admiring modern art?""]"
flickr30k_44,101093045.jpg,/workspace/Semana4/Proyecto/data/processed/flickr30k_hf/images/101093045.jpg,train,"A man in black approaches a strange silver object containing a person, while many onlookers observe from behind a roped off barrier.",,"[""A man in black approaches a strange silver object containing a person, while many onlookers observe from behind a roped off barrier."", ""A person drives around a futuristic looking vehicle while a man approaches her and a crowd watches."", ""A person riding in a futuristic single-person vehicle."", ""Man walking up to silver 4-wheeled chair"", ""A man walks by a silver vehicle.""]"
flickr30k_45,1011572216.jpg,/workspace/Semana4/Proyecto/data/processed/flickr30k_hf/images/1011572216.jpg,train,Bride and groom walking side by side out of focus on pathway next to brick building.,,"[""Bride and groom walking side by side out of focus on pathway next to brick building."", ""A beautiful bride walking on a sidewalk with her new husband."", ""A recently married couple pose for the camera."", ""A groom and bride are standing arm in arm."", ""A couple getting married.""]"
flickr30k_46,1012150929.jpg,/workspace/Semana4/Proyecto/data/processed/flickr30k_hf/images/1012150929.jpg,train,A little boy plays with a Nintendo GameCube controller inside a McDonald's.,,"[""A little boy plays with a Nintendo GameCube controller inside a McDonald's."", ""A young boy plays a video game in a McDonald's restaurant."", ""A young boy plays with a GameCube kiosk at McDonald's."", ""A little boy playing GameCube at a McDonald's."", ""A little kid playing GameCube at McDonald's.""]"
flickr30k_47,1012212859.jpg,/workspace/Semana4/Proyecto/data/processed/flickr30k_hf/images/1012212859.jpg,train,White dog with brown ears standing near water with head turned to one side.,,"[""White dog with brown ears standing near water with head turned to one side."", ""Dog with orange ball at feet, stands on shore shaking off water"", ""A white dog shakes on the edge of a beach with an orange ball."", ""White dog playing with a red ball on the shore near the water."", ""A dog shakes its head near the shore, a red ball next to it.""]"
flickr30k_48,1012328893.jpg,/workspace/Semana4/Proyecto/data/processed/flickr30k_hf/images/1012328893.jpg,train,A group of people picnicking at picnic tables in front of a playground.,,"[""A group of people picnicking at picnic tables in front of a playground."", ""A group of people enjoying a beautiful day in the park."", ""A group of people are having a picnic at the park."", ""The reunion is in full swing with a moon bounce."", ""A group of people having a barbecue at a park.""]"
flickr30k_49,101262930.jpg,/workspace/Semana4/Proyecto/data/processed/flickr30k_hf/images/101262930.jpg,train,"Two asian or spanish people, a woman and a man, sitting together in front of a glass window as cars pass.",,"[""Two asian or spanish people, a woman and a man, sitting together in front of a glass window as cars pass."", ""A man in sunglasses puts his arm around a woman in a black and white blouse."", ""A man in sunglasses puts his arm around a woman."", ""A man and woman pose in front of some traffic."", ""An Asian couple sitting on the bench.""]"
flickr30k_50,1013536888.jpg,/workspace/Semana4/Proyecto/data/processed/flickr30k_hf/images/1013536888.jpg,train,"Women are seated at a picnic table eating, while a man in a white t-shirt and a yellow and orange balloon design on his head stands in the background.",,"[""Women are seated at a picnic table eating, while a man in a white t-shirt and a yellow and orange balloon design on his head stands in the background."", ""An elderly woman is eating a burger while the man next to her touching his hat."", ""A man with a balloon hat and people eating outdoors at picnic tables."", ""Two older women sit at a table with two coolers in front of them."", ""A gray-haired person with glasses enjoys a sandwich.""]"
flickr30k_51,101362133.jpg,/workspace/Semana4/Proyecto/data/processed/flickr30k_hf/images/101362133.jpg,test,A young female student performing a downward kick to break a board held by her Karate instructor.,,"[""A young female student performing a downward kick to break a board held by her Karate instructor."", ""Girl about to kick a piece of wood in half while karate instructor holds it"", ""A girl kicking a stick that a man is holding in tae kwon do class."", ""A girl in karate uniform breaking a stick with a front kick."", ""A girl breaking boards by using karate.""]"
flickr30k_52,101362650.jpg,/workspace/Semana4/Proyecto/data/processed/flickr30k_hf/images/101362650.jpg,train,Two people are demonstrating martial arts to a crowd and jumping over three youngsters who are crouched on the mat.,,"[""Two people are demonstrating martial arts to a crowd and jumping over three youngsters who are crouched on the mat."", ""A boy jump kicking over three kids kicking wood during a tae kwon do competition."", ""A boy jumps over three other students in a martial arts demonstration."", ""A crowd is watching a group of five martial artists perform."", ""A crowd of people watch a martial arts demonstration.""]"
flickr30k_53,1014609273.jpg,/workspace/Semana4/Proyecto/data/processed/flickr30k_hf/images/1014609273.jpg,train,People on two balconies and a man climbing up a pipe towards the lower balcony getting liquid poured on him.,,"[""People on two balconies and a man climbing up a pipe towards the lower balcony getting liquid poured on him."", ""A kid in a red sweatshirt is reaching to hand something to a man in a white shirt"", ""A young boy empties a bottle over the railing of a balcony unto the man below."", ""A boy in a red jacket pouring water on a man in a white shirt"", ""A young man pouring the contents of a bottle.""]"
flickr30k_54,101471792.jpg,/workspace/Semana4/Proyecto/data/processed/flickr30k_hf/images/101471792.jpg,train,A man with a red jacket is shielding himself from the sun trying to read a piece of paper.,,"[""A man with a red jacket is shielding himself from the sun trying to read a piece of paper."", ""A man wearing a red coat is outside with his hand over his head to block out the sun."", ""A man in a red jacket shades the sun from his eyes on a busy street."", ""An elderly man in a red jacket shielding his face from the sun."", ""Man in red jacket shielding face from the sun to read.""]"
flickr30k_55,1014785440.jpg,/workspace/Semana4/Proyecto/data/processed/flickr30k_hf/images/1014785440.jpg,train,Two men are carrying children on their backs down the street on a sunny day in a nice neighborhood.,,"[""Two men are carrying children on their backs down the street on a sunny day in a nice neighborhood."", ""Two men, each with a small child on their backs, walk on a paved road."", ""Two men are out for a stroll with their two young children."", ""Men walking down a street with children."", ""Two men walking with children.""]"
flickr30k_56,1015118661.jpg,/workspace/Semana4/Proyecto/data/processed/flickr30k_hf/images/1015118661.jpg,train,Smiling boy in white shirt and blue jeans in front of rock wall with man in overalls behind him.,,"[""Smiling boy in white shirt and blue jeans in front of rock wall with man in overalls behind him."", ""A little boy is standing on the street while a man in overalls is working on a stone wall."", ""A young child is walking on a stone paved street with a metal pole and a man behind him."", ""A boy smiles in front of a stony wall in a city."", ""A young boy runs aross the street.""]"
flickr30k_57,1015584366.jpg,/workspace/Semana4/Proyecto/data/processed/flickr30k_hf/images/1015584366.jpg,train,A mottled black and gray dog in a blue collar jumping over a fallen tree.,,"[""A mottled black and gray dog in a blue collar jumping over a fallen tree."", ""A gray dog is leaping over a fallen tree."", ""A large black dog leaps a fallen log."", ""The black dog jumped the tree stump."", ""A black dog leaps over a log.""]"
flickr30k_58,101559400.jpg,/workspace/Semana4/Proyecto/data/processed/flickr30k_hf/images/101559400.jpg,train,"Men in the business suits are crossing the street, and there are people with placards are gathering on the street.",,"[""Men in the business suits are crossing the street, and there are people with placards are gathering on the street."", ""A man in a suit runs across an intersection while a large group of people assembles."", ""A man in a suit is running past two other gentleman, also dressed in a suit."", ""A man in a suit is hurrying across the street."", ""A man in a suit is running across the street.""]"
flickr30k_59,1015712668.jpg,/workspace/Semana4/Proyecto/data/processed/flickr30k_hf/images/1015712668.jpg,train,A man in a red long-sleeved shirt bikes over a body of water on a bridge.,,"[""A man in a red long-sleeved shirt bikes over a body of water on a bridge."", ""A man riding his bike across the bridge that is over the river."", ""A man in red on a bicycle rides past a glass structure."", ""Man in a red shirt riding his bicycle around water."", ""A man in a red shirt rides his bicycle.""]"
flickr30k_60,10160966.jpg,/workspace/Semana4/Proyecto/data/processed/flickr30k_hf/images/10160966.jpg,train,A barefooted man wearing olive green shorts grilling hotdogs on a small propane grill while holding a blue plastic cup.,,"[""A barefooted man wearing olive green shorts grilling hotdogs on a small propane grill while holding a blue plastic cup."", ""A guy in shorts and a white t-shirt sits on the ground in front of a grill with hotdogs on it."", ""A young man in sunglasses holds a blue cup next to a grill with sausages."", ""A young man, wearing a white shirt, prepares hotdogs on a small grill."", ""A man is holding his cup while he grills hotdogs.""]"
flickr30k_61,101654506.jpg,/workspace/Semana4/Proyecto/data/processed/flickr30k_hf/images/101654506.jpg,train,The white and brown dog is running over the surface of the snow.,,"[""The white and brown dog is running over the surface of the snow."", ""A white and brown dog is running through a snow covered field."", ""A brown and white dog is running through the snow."", ""A dog running through snow."", ""A dog is running in the snow""]"
flickr30k_62,1016626169.jpg,/workspace/Semana4/Proyecto/data/processed/flickr30k_hf/images/1016626169.jpg,train,Man on scooter attracts attention from some of those in large crowd.,,"[""Man on scooter attracts attention from some of those in large crowd."", ""A crowd is standing and waiting for the green light."", ""People stop and look at an older woman outside."", ""A crowd of people waiting to cross a street."", ""A crowd of people waiting for the light.""]"
flickr30k_63,101669240.jpg,/workspace/Semana4/Proyecto/data/processed/flickr30k_hf/images/101669240.jpg,train,A person wearing skis looking at framed pictures set up in the snow.,,"[""A person wearing skis looking at framed pictures set up in the snow."", ""A man in a hat is displaying pictures next to a skier in a blue hat."", ""A man skis past another man displaying paintings in the snow."", ""A skier looks at framed pictures in the snow next to trees."", ""Man on skis looking at artwork for sale in the snow""]"
flickr30k_64,1016887272.jpg,/workspace/Semana4/Proyecto/data/processed/flickr30k_hf/images/1016887272.jpg,train,Several climbers in a row are climbing the rock while the man in red watches and holds the line.,,"[""Several climbers in a row are climbing the rock while the man in red watches and holds the line."", ""Seven climbers are ascending a rock face whilst another man stands holding the rope."", ""A group of people are rock climbing on a rock climbing wall."", ""A group of people climbing a rock while one man belays"", ""A collage of one person climbing a cliff.""]"
flickr30k_65,1017675163.jpg,/workspace/Semana4/Proyecto/data/processed/flickr30k_hf/images/1017675163.jpg,train,"A young gymnast, jumps high in the air, while performing on a balance beam.",,"[""A young gymnast, jumps high in the air, while performing on a balance beam."", ""A woman wearing an orange leotard doing gymnastics in front of an audience."", ""A gymnast performing on the balance beam in front of an audience."", ""The young gymnast's supple body soars above the balance beam."", ""A gymnast is performing on the balance beam.""]"
flickr30k_66,1018057225.jpg,/workspace/Semana4/Proyecto/data/processed/flickr30k_hf/images/1018057225.jpg,train,A boy in a black t-shirt and blue jeans is pushing a toy three wheeler around a small pool.,,"[""A boy in a black t-shirt and blue jeans is pushing a toy three wheeler around a small pool."", ""A young boy is pushing a toy ATV around a rubber pool"", ""A boy pushing a red toy atv next to a pool"", ""A boy pushing a miniature car on a lawn."", ""A young boy pushing his toy quad.""]"
flickr30k_67,1018148011.jpg,/workspace/Semana4/Proyecto/data/processed/flickr30k_hf/images/1018148011.jpg,val,A group of people stand in the back of a truck filled with cotton.,,"[""A group of people stand in the back of a truck filled with cotton."", ""Men are standing on and about a truck carrying a white substance."", ""A group of people are standing on a pile of wool in a truck."", ""A group of men are loading cotton onto a truck"", ""Workers load sheared wool onto a truck.""]"
flickr30k_68,101859883.jpg,/workspace/Semana4/Proyecto/data/processed/flickr30k_hf/images/101859883.jpg,train,A woman with a red jacket and headscarf looks out over a scenic view of a bay through a set of pay binoculars on a viewing deck.,,"[""A woman with a red jacket and headscarf looks out over a scenic view of a bay through a set of pay binoculars on a viewing deck."", ""A woman inside a building is wearing a headscarf and looking out of a window through a mounted telescope."", ""Woman in red windbreaker looking though a rooftop binoculars at the city below."", ""A woman in a headscarf uses a telescope to look out over the city and bay."", ""A Woman is looking through a telescope while wearing a red coat.""]"
flickr30k_69,10188041.jpg,/workspace/Semana4/Proyecto/data/processed/flickr30k_hf/images/10188041.jpg,train,A man in a black coat walks past a red spaceship with a parking ticket stuck to its window.,,"[""A man in a black coat walks past a red spaceship with a parking ticket stuck to its window."", ""A man is standing in front of a small red object that looks like a plane."", ""A man wearing a black jacket is walking towards the street."", ""A man in a black jacket is moving towards a street."", ""Man in black coat examining airplane nose.""]"
flickr30k_70,1019077836.jpg,/workspace/Semana4/Proyecto/data/processed/flickr30k_hf/images/1019077836.jpg,train,Large brown dog running away from the sprinkler in the grass.,,"[""Large brown dog running away from the sprinkler in the grass."", ""A brown dog chases the water from a sprinkler on a lawn."", ""A brown dog running on a lawn near a garden hose"", ""A brown dog plays with the hose."", ""A dog is playing with a hose.""]"
flickr30k_71,101958970.jpg,/workspace/Semana4/Proyecto/data/processed/flickr30k_hf/images/101958970.jpg,train,A man and a little girl happily posing in front of their cart in a supermarket.,,"[""A man and a little girl happily posing in front of their cart in a supermarket."", ""A man sitting with his daughter in his daughter's pink car in a grocery store."", ""A man is sitting on a pink cart with a little girl in the grocery store."", ""A man with his daughter sitting on a stroller in a supermarket."", ""The little girl and the man are smiling.""]"
flickr30k_72,1019604187.jpg,/workspace/Semana4/Proyecto/data/processed/flickr30k_hf/images/1019604187.jpg,train,A dog prepares to catch a thrown object in a field with nearby cars.,,"[""A dog prepares to catch a thrown object in a field with nearby cars."", ""A white dog is ready to catch a yellow ball flying through the air."", ""A white dog is about to catch a yellow ball in its mouth."", ""A white dog is about to catch a yellow dog toy."", ""A white dog running after a yellow ball""]"
flickr30k_73,102030371.jpg,/workspace/Semana4/Proyecto/data/processed/flickr30k_hf/images/102030371.jpg,train,A man wearing a green shirt and a dark colored vest is sitting at a table with a glass of water in front of him.,,"[""A man wearing a green shirt and a dark colored vest is sitting at a table with a glass of water in front of him."", ""Guy in green shirt with hand covering part of his face in restaurant booth."", ""Man sitting at a table at a restaurant with a glass of water."", ""A man in a green sweater and black vest sitting in a booth."", ""A boy in a green sweater is sitting at a table.""]"
flickr30k_74,1020651753.jpg,/workspace/Semana4/Proyecto/data/processed/flickr30k_hf/images/1020651753.jpg,train,A white dog is trying to catch a ball in midair over a grassy field.,,"[""A white dog is trying to catch a ball in midair over a grassy field."", ""The white dog is playing in a green field with a yellow toy."", ""A black and white dog jumping in the air to get a toy."", ""A black and white dog jumps up towards a yellow toy."", ""A dog leaps to catch a ball in a field.""]"
flickr30k_75,1021293940.jpg,/workspace/Semana4/Proyecto/data/processed/flickr30k_hf/images/1021293940.jpg,train,Two men are hiking in a forest where snow is partially covering the ground.,,"[""Two men are hiking in a forest where snow is partially covering the ground."", ""Two men hiking in the snowy wilderness."", ""Two hikers resting by a patch of snow."", ""Two men look up while hiking."", ""Two men hiking in the snow.""]"
flickr30k_76,1021332107.jpg,/workspace/Semana4/Proyecto/data/processed/flickr30k_hf/images/1021332107.jpg,train,"An elderly man with facial hair and glasses, standing in his living room holding a hutch cabinet with glass doors.",,"[""An elderly man with facial hair and glasses, standing in his living room holding a hutch cabinet with glass doors."", ""An older man in a gray shirt with a white long-sleeve shirt under it holding up a small wooden cabinet."", ""A middle-aged man with a white beard and glasses holds up a small, wooden handmade cabinet."", ""A man showing off his new wooden creation."", ""A man with beard carrying a cabinet.""]"
flickr30k_77,1021439420.jpg,/workspace/Semana4/Proyecto/data/processed/flickr30k_hf/images/1021439420.jpg,train,"Two guys sitting on the floor, with the guy in the green jacket reading a piece of paper.",,"[""Two guys sitting on the floor, with the guy in the green jacket reading a piece of paper."", ""A elderly father and his grown son are preparing for a camping trip in the wild."", ""Two men sit on the floor with camping equipment."", ""Two men sitting on their living floor."", ""Two guys sorting through some items.""]"
flickr30k_78,1021442086.jpg,/workspace/Semana4/Proyecto/data/processed/flickr30k_hf/images/1021442086.jpg,train,"A bearded man wearing glasses, a red shirt, and a hat is reading a map while sitting in a car.",,"[""A bearded man wearing glasses, a red shirt, and a hat is reading a map while sitting in a car."", ""A bearded traveler in a red shirt sitting in a car and reading a map."", ""A man wearing a baseball cap is sitting in a car looking at a map."", ""A man in a red t-shirt is sitting in a car looking at a map."", ""A man trying to decipher a map.""]"
flickr30k_79,1022454332.jpg,/workspace/Semana4/Proyecto/data/processed/flickr30k_hf/images/1022454332.jpg,train,A large lake with a lone duck swimming in it with several people around the edge of it.,,"[""A large lake with a lone duck swimming in it with several people around the edge of it."", ""A young boy waves his hand at the duck in the water surrounded by a green park."", ""Two people are at the edge of a lake, facing the water and the city skyline."", ""A child and a woman are at waters edge in a big city."", ""A little boy at a lake watching a duck.""]"
flickr30k_80,1022454428.jpg,/workspace/Semana4/Proyecto/data/processed/flickr30k_hf/images/1022454428.jpg,train,"A couple and an infant, being held by the male, sitting next to a pond with a nearby stroller.",,"[""A couple and an infant, being held by the male, sitting next to a pond with a nearby stroller."", ""A man and woman care for an infant along the side of a body of water."", ""A couple with their newborn baby sitting under a tree facing a lake."", ""Couple with a baby sit outdoors next to their stroller."", ""A couple sit on the grass with a baby and stroller.""]"
flickr30k_81,102268204.jpg,/workspace/Semana4/Proyecto/data/processed/flickr30k_hf/images/102268204.jpg,train,Three men are standing at night near a black car near a shelter filled with bicycles.,,"[""Three men are standing at night near a black car near a shelter filled with bicycles."", ""Some men standing in front of a building next to a parked car."", ""There are a lot of bikes parked under the curved roof tonight."", ""Police questioning the driver of a black wagon at nighttime."", ""Men under a dome beside a black station wagon.""]"
flickr30k_82,1022975728.jpg,/workspace/Semana4/Proyecto/data/processed/flickr30k_hf/images/1022975728.jpg,train,A black lab with tags frolicks in the water.,,"[""A black lab with tags frolicks in the water."", ""This is a black dog splashing in the water."", ""The black dog runs through the water."", ""A black dog running in the surf."", ""A dog splashes in the water""]"
flickr30k_83,102351840.jpg,/workspace/Semana4/Proyecto/data/processed/flickr30k_hf/images/102351840.jpg,train,A man is drilling through the frozen ice of a pond.,,"[""A man is drilling through the frozen ice of a pond."", ""A person in the snow drilling a hole in the ice."", ""A person standing on a frozen lake."", ""A man drilling a hole in the ice."", ""Two men are ice fishing.""]"
flickr30k_84,1024138940.jpg,/workspace/Semana4/Proyecto/data/processed/flickr30k_hf/images/1024138940.jpg,train,Two different breeds of brown and white dogs play on the beach.,,"[""Two different breeds of brown and white dogs play on the beach."", ""Two dogs are making a turn on a soft sand beach."", ""Two large tan dogs play along a sandy beach."", ""Two dogs playing in the sand at the beach."", ""Two dogs playing together on a beach.""]"
flickr30k_85,102455176.jpg,/workspace/Semana4/Proyecto/data/processed/flickr30k_hf/images/102455176.jpg,train,An ice climber in a blue jacket and black pants is scaling a frozen ice wall.,,"[""An ice climber in a blue jacket and black pants is scaling a frozen ice wall."", ""A person in blue and red ice climbing with two picks."", ""A man uses ice picks and crampons to scale ice."", ""An ice climber scaling a frozen waterfall."", ""Climber climbing an ice wall""]"
flickr30k_86,1024613706.jpg,/workspace/Semana4/Proyecto/data/processed/flickr30k_hf/images/1024613706.jpg,train,Two young men and a young lady walk through a field near the water.,,"[""Two young men and a young lady walk through a field near the water."", ""Three people walking through a beautiful meadow towards the ocean."", ""Two men and a woman are walking through a field."", ""Two males and one female walking on a path."", ""Three people walking on a path in a meadow.""]"
flickr30k_87,102520526.jpg,/workspace/Semana4/Proyecto/data/processed/flickr30k_hf/images/102520526.jpg,train,"A man in black attire shovels snow into the street, disregarding all public safety.",,"[""A man in black attire shovels snow into the street, disregarding all public safety."", ""Man in black jacket gray snow cap, shovels snow near a street with cars."", ""A man shoveling snow off the roads and sidewalks in a city."", ""A person is cleaning snow and ice off of a city sidewalk."", ""A man shovels slush of the street.""]"
flickr30k_88,102575576.jpg,/workspace/Semana4/Proyecto/data/processed/flickr30k_hf/images/102575576.jpg,train,A couple in their wedding attire stand behind a table with a wedding cake and flowers.,,"[""A couple in their wedding attire stand behind a table with a wedding cake and flowers."", ""A bride and groom are standing in front of their wedding cake at their reception."", ""A bride and groom smile as they view their wedding cake at the reception."", ""A couple stands behind their wedding cake."", ""Man and woman cutting wedding cake.""]"
flickr30k_89,102617084.jpg,/workspace/Semana4/Proyecto/data/processed/flickr30k_hf/images/102617084.jpg,test,"Five snowmobile riders all wearing helmets and goggles line up in a snowy clearing in a forest in front of their snowmobiles; they are all wearing black snow pants and from left to right they are wearing a black coat, white coat, red coat, blue coat, and black coat.",,"[""Five snowmobile riders all wearing helmets and goggles line up in a snowy clearing in a forest in front of their snowmobiles; they are all wearing black snow pants and from left to right they are wearing a black coat, white coat, red coat, blue coat, and black coat."", ""Five people wearing winter jackets and helmets stand in the snow, with snowmobiles in the background."", ""Five people wearing winter clothing, helmets, and ski goggles stand outside in the snow."", ""A group of snowmobile riders gather in the snow."", ""Group gathered to go snowmobiling.""]"
flickr30k_90,1026685415.jpg,/workspace/Semana4/Proyecto/data/processed/flickr30k_hf/images/1026685415.jpg,train,A black dog carries a green toy in his mouth as he walks through the grass.,,"[""A black dog carries a green toy in his mouth as he walks through the grass."", ""A wet black dog is carrying a green toy through the grass."", ""A black dog carrying something through the grass."", ""A dog in grass with a blue item in his mouth."", ""A black dog has a blue toy in its mouth.""]"
flickr30k_91,1026792563.jpg,/workspace/Semana4/Proyecto/data/processed/flickr30k_hf/images/1026792563.jpg,train,A group of woman and children are standing or sitting in front of rows of vegetables.,,"[""A group of woman and children are standing or sitting in front of rows of vegetables."", ""A group of women are trying to sell their vegetable harvest."", ""People lay out vegetables on blankets at a street market."", ""Villagers selling their crops at the market."", ""These are some very large onions.""]"
flickr30k_92,1027149103.jpg,/workspace/Semana4/Proyecto/data/processed/flickr30k_hf/images/1027149103.jpg,train,A band is playing in front of an audience and the singer is wearing an orange shirt and has tattoos on his arm.,,"[""A band is playing in front of an audience and the singer is wearing an orange shirt and has tattoos on his arm."", ""In a crowded concert a man in white is approaching the main singer who is wearing a yellow shirt."", ""A man wearing a yellow t-shirt is shouting into a microphone while an audience is listening."", ""A man in an orange shirt sings for the crowd below a sign that says Lucky 13."", ""A punk rocker screaming on stage at concert.""]"
flickr30k_93,1027211271.jpg,/workspace/Semana4/Proyecto/data/processed/flickr30k_hf/images/1027211271.jpg,train,A young woman with short blond-hair wearing jeans and a striped long-sleeved sweater jumping in midair on a skateboard with trees in the background.,,"[""A young woman with short blond-hair wearing jeans and a striped long-sleeved sweater jumping in midair on a skateboard with trees in the background."", ""A young man is in midair while skateboarding at a skate park with people watching him in the background."", ""This person is performing a trick in skateboarding competition, with people watching in the background."", ""A boy jumps on his skateboard while a crowd watches"", ""Someone skateboarding at a skate park.""]"
flickr30k_94,1028205764.jpg,/workspace/Semana4/Proyecto/data/processed/flickr30k_hf/images/1028205764.jpg,train,A man and a little boy in blue life jackets are rowing a yellow canoe.,,"[""A man and a little boy in blue life jackets are rowing a yellow canoe."", ""A man and a baby are in a yellow kayak on water."", ""A man and child kayak through gentle waters."", ""A man and young boy ride in a yellow kayak."", ""Man and child in yellow kayak""]"
flickr30k_95,102851549.jpg,/workspace/Semana4/Proyecto/data/processed/flickr30k_hf/images/102851549.jpg,train,A little boy looks at the camera while a woman behind him seems to be laughing very hard and the woman on the right has a big smile on her face.,,"[""A little boy looks at the camera while a woman behind him seems to be laughing very hard and the woman on the right has a big smile on her face."", ""Three people on a porch, of which is a little boy who is sitting up straight in his chair."", ""A woman in a dark dress smiles while a woman across from her and a child sit in chairs."", ""Two people are sitting on a bench, and one women is standing by them."", ""Two women, boy sitting on porch, the ladies laughing hard.""]"
flickr30k_96,102860573.jpg,/workspace/Semana4/Proyecto/data/processed/flickr30k_hf/images/102860573.jpg,train,A construction site on a street with three men working.,,"[""A construction site on a street with three men working."", ""Two men wearing hard hats are in a construction area."", ""Two men in orange vests work in road construction."", ""Construction workers installing a light post."", ""Workers in orange vests work in a street.""]"
flickr30k_97,10287332.jpg,/workspace/Semana4/Proyecto/data/processed/flickr30k_hf/images/10287332.jpg,test,Two men sitting on the roof of a house while another one stands on a ladder.,,"[""Two men sitting on the roof of a house while another one stands on a ladder."", ""Two men on a rooftop while another man stands atop a ladder watching them"", ""Three men, one on a ladder, work on a roof."", ""People are fixing the roof of a house."", ""Three men are working on a roof.""]"
flickr30k_98,1028982826.jpg,/workspace/Semana4/Proyecto/data/processed/flickr30k_hf/images/1028982826.jpg,train,"Two men, one younger guy with a yellow shirt that has luggage and the other and older guy, are sitting on a bench in front of a large building that has a billboard for glasses and sunglasses.",,"[""Two men, one younger guy with a yellow shirt that has luggage and the other and older guy, are sitting on a bench in front of a large building that has a billboard for glasses and sunglasses."", ""A man in a yellow shirt, with a tall gray suitcase, sitting next to another man in a white shirt and gray pants, behind them a tall billboard for sunglasses and prescription glasses."", ""Two men sitting on a bench talking, with a billboard advertisement for glasses in the background."", ""Two men sitting on a bench in front of a sign with a picture of man and a lady."", ""2 men are sitting at a bench outside the airport in front of a billboard.""]"
flickr30k_99,1029450589.jpg,/workspace/Semana4/Proyecto/data/processed/flickr30k_hf/images/1029450589.jpg,val,An adult wearing a gray shirt with red sleeves sleeping on a couch.,,"[""An adult wearing a gray shirt with red sleeves sleeping on a couch."", ""A woman in black pants napping on the couch."", ""A man sleeping in a green room on a couch."", ""The young woman is sleeping in her room."", ""A long-haired man sleeping on a couch""]"
flickr30k_100,1029737941.jpg,/workspace/Semana4/Proyecto/data/processed/flickr30k_hf/images/1029737941.jpg,val,Boy in brown shirt with headphones on sits on woman's shoulders in a crowd.,,"[""Boy in brown shirt with headphones on sits on woman's shoulders in a crowd."", ""A kid wearing headphones sits on his mom's shoulders while in a crowd."", ""A boy with headphones on sitting on top of a woman's shoulders."", ""A child with headphones riding on his mother's shoulders."", ""A boy wearing headphones sits on a woman's shoulders.""]"
flickr30k_101,1029802110.jpg,/workspace/Semana4/Proyecto/data/processed/flickr30k_hf/images/1029802110.jpg,train,"During a gay pride parade in an Asian city, some people hold up rainbow flags to show support.",,"[""During a gay pride parade in an Asian city, some people hold up rainbow flags to show support."", ""A group of youths march down the street waving flags showing the color spectrum."", ""Oriental people with rainbow flags walking down a city street."", ""A group of people walk down the street waving rainbow flags."", ""People are outside waving flags.""]"
flickr30k_102,102998070.jpg,/workspace/Semana4/Proyecto/data/processed/flickr30k_hf/images/102998070.jpg,train,"A young man in a blue sweater cleaning fish while three other men watch, one a man a cigarette, or match in his month.",,"[""A young man in a blue sweater cleaning fish while three other men watch, one a man a cigarette, or match in his month."", ""Three older men stare into the pan of a street vendor who is cooking fish."", ""Three old men are watching another man prepare fish."", ""A fish sellers stock is looked upon by two old men."", ""Three men watch as fish is being prepared.""]"
flickr30k_103,1030041880.jpg,/workspace/Semana4/Proyecto/data/processed/flickr30k_hf/images/1030041880.jpg,train,Woman in a green dress with a white top and red-hair singing in a room with a blue roof while band equipment is being prepared.,,"[""Woman in a green dress with a white top and red-hair singing in a room with a blue roof while band equipment is being prepared."", ""A red-haired woman in a white top and green and white skirt is singing into a microphone."", ""A woman in a white tank top with a green flowing skirt, on stage singing a song."", ""A woman in a green skirt and white tank top singing into a microphone."", ""A girl in a green skirt is singing Karaoke.""]"
flickr30k_104,103031977.jpg,/workspace/Semana4/Proyecto/data/processed/flickr30k_hf/images/103031977.jpg,train,Four college-aged individuals - two males and two females - sitting on the concrete steps outside of a brick building,,"[""Four college-aged individuals - two males and two females - sitting on the concrete steps outside of a brick building"", ""Two guys and two girls sitting on the stairs outside of a building."", ""Four people sit on the steps of the entrance to a building."", ""Two men and two women sitting on steps outdoors."", ""Multiple students sitting on stairs at a school.""]"
flickr30k_105,1030985833.jpg,/workspace/Semana4/Proyecto/data/processed/flickr30k_hf/images/1030985833.jpg,train,The Chocolate Lab jumps too late to get the toy as the Black Lab captures it in the driveway.,,"[""The Chocolate Lab jumps too late to get the toy as the Black Lab captures it in the driveway."", ""A brown and black lab are outside and the black lab is catching a toy in its mouth."", ""A black dog and a brown dog play with a red toy on a courtyard."", ""A black dog and a brown dog are jumping up to catch a red toy."", ""Black dog snaps at red and black object as brown dog lunges.""]"
flickr30k_106,103106960.jpg,/workspace/Semana4/Proyecto/data/processed/flickr30k_hf/images/103106960.jpg,train,A young male kneeling in front of a hockey goal with a hockey stick in his right hand.,,"[""A young male kneeling in front of a hockey goal with a hockey stick in his right hand."", ""A child in a red jacket playing street hockey guarding a goal."", ""Hockey goalie boy in red jacket crouches by goal, with stick."", ""A boy with a stick kneeling in front of a goalie net"", ""A young kid playing the goalie in a hockey rink.""]"
flickr30k_107,103195344.jpg,/workspace/Semana4/Proyecto/data/processed/flickr30k_hf/images/103195344.jpg,train,The man with the backpack is sitting in a buildings courtyard in front of an art sculpture reading.,,"[""The man with the backpack is sitting in a buildings courtyard in front of an art sculpture reading."", ""A man in black is sitting next to a modern art structure in front of a glass building."", ""A man sits and reads a newspaper by a sculpture outside of an office building."", ""A man sitting in front of a metal sculpture in front of a building."", ""A man sits near a large statue.""]"
flickr30k_108,1031973097.jpg,/workspace/Semana4/Proyecto/data/processed/flickr30k_hf/images/1031973097.jpg,train,A toddler in a blue shirt with red shorts and hat looks out from behind a fenced in area of a brick patio.,,"[""A toddler in a blue shirt with red shorts and hat looks out from behind a fenced in area of a brick patio."", ""A young child wearing a blue shirt and red hat grabs onto black bars in front of him."", ""The little boy looks like he is saying, let me out of jail."", ""Toddler boy in a red hat holding on to some railings."", ""Little boy wanting to play outside of fence.""]"
flickr30k_109,103205630.jpg,/workspace/Semana4/Proyecto/data/processed/flickr30k_hf/images/103205630.jpg,val,"Two men, standing on an ice, looking into something covered with a blue tarp.",,"[""Two men, standing on an ice, looking into something covered with a blue tarp."", ""Two men are about to enter an ice fishing tent on a snow covered lake."", ""Two people standing outside a blue tent structure on a snowy surface."", ""Two men setting up a blue ice fishing hut on an iced over lake"", ""A tent is being set up on the ice.""]"
flickr30k_110,1032122270.jpg,/workspace/Semana4/Proyecto/data/processed/flickr30k_hf/images/1032122270.jpg,train,Three dogs are standing in the grass and a person is sitting next to them,,"[""Three dogs are standing in the grass and a person is sitting next to them"", ""Three dogs stand in a grassy field while a person kneels nearby."", ""Three dogs are playing on grassy hill with a blue sky."", ""A woman crouches near three dogs in a field."", ""Three dogs on a grassy hill""]"
flickr30k_111,1032460886.jpg,/workspace/Semana4/Proyecto/data/processed/flickr30k_hf/images/1032460886.jpg,train,There is a skyscraper in the distance with a man walking in front of the camera.,,"[""There is a skyscraper in the distance with a man walking in front of the camera."", ""Behind the man in a red shirt stands a large skyscraper."", ""A man stands in front of a very tall building."", ""A man is standing in front of a skyscraper"", ""A man stands in front of a skyscraper.""]"
flickr30k_112,103306033.jpg,/workspace/Semana4/Proyecto/data/processed/flickr30k_hf/images/103306033.jpg,train,A woman wearing a brown dress with a matching turban is pushing a toddler through a park in his stroller.,,"[""A woman wearing a brown dress with a matching turban is pushing a toddler through a park in his stroller."", ""Woman dressed in brown African attire pushing a toddler in a stroller."", ""A woman is walking her baby with a stroller at the local park."", ""The lady is pushing a child in a stroller."", ""A woman pushes her baby in a stroller.""]"
flickr30k_113,103328091.jpg,/workspace/Semana4/Proyecto/data/processed/flickr30k_hf/images/103328091.jpg,train,A Asian male wearing a red shirt is sitting next to a grocery stand selling fruits.,,"[""A Asian male wearing a red shirt is sitting next to a grocery stand selling fruits."", ""Man in red shirt is sitting next to fruit that is for sale."", ""A man in a red shirt is sitting by fruit for sale."", ""A man in a red shirt sits next to a fruit stand."", ""An oriental man selling produce.""]"
flickr30k_114,1033767085.jpg,/workspace/Semana4/Proyecto/data/processed/flickr30k_hf/images/1033767085.jpg,train,A young child with a Band-Aid on his head sits eating at a small white table with a little girl eating off a yellow plate.,,"[""A young child with a Band-Aid on his head sits eating at a small white table with a little girl eating off a yellow plate."", ""A young blond-haired boy and a dark-haired girl are eating at a kid's table."", ""Two children are sitting at a table eating food."", ""Two children eating at a small table."", ""Two children eating food.""]"
flickr30k_115,1034276567.jpg,/workspace/Semana4/Proyecto/data/processed/flickr30k_hf/images/1034276567.jpg,train,A small boy putting something in his mouth with both hands.,,"[""A small boy putting something in his mouth with both hands."", ""A boy bites hard into a treat while he sits outside."", ""The boy eats his food outside at the table."", ""The boy is eating pizza over a tin dish."", ""A child biting into a baked good.""]"
flickr30k_116,1034985636.jpg,/workspace/Semana4/Proyecto/data/processed/flickr30k_hf/images/1034985636.jpg,train,A man with wild hair rocks a show playing a guitar center stage.,,"[""A man with wild hair rocks a show playing a guitar center stage."", ""A man wearing black is playing an electric guitar at a concert."", ""A man on stage playing the electric guitar during a concert."", ""A man playing an electric guitar on stage."", ""A man playing guitar at a concert.""]"
flickr30k_117,1035019794.jpg,/workspace/Semana4/Proyecto/data/processed/flickr30k_hf/images/1035019794.jpg,train,A person in a green outfit and helmet is swinging a baseball bat at a tennis ball in front of a fence.,,"[""A person in a green outfit and helmet is swinging a baseball bat at a tennis ball in front of a fence."", ""A girl playing softball hits the ball almost directly downwards"", ""A young girl is playing baseball and is striking out."", ""A girl hitting a softball but she missed the ball."", ""The batter missed the ball.""]"
flickr30k_118,10350842.jpg,/workspace/Semana4/Proyecto/data/processed/flickr30k_hf/images/10350842.jpg,val,A man in a green shirt and red life jacket is sitting in a canoe drifting around the lake.,,"[""A man in a green shirt and red life jacket is sitting in a canoe drifting around the lake."", ""A man wearing a life jacket is in a small boat on a lake with a ferry in view."", ""A man wearing a red life-vest is sitting in a canoe on a body of water."", ""A balding man wearing a red life jacket is sitting in a small boat."", ""A man in a red life vest is riding in a canoe.""]"
flickr30k_119,1035392784.jpg,/workspace/Semana4/Proyecto/data/processed/flickr30k_hf/images/1035392784.jpg,train,A man in black with long hair playing a guitar with stickers on it.,,"[""A man in black with long hair playing a guitar with stickers on it."", ""A long-haired musician, playing his guitar in a performance."", ""A rock artist performs on stage with an electric guitar."", ""A man in a black shirt plays a black-colored guitar."", ""A man wearing black is playing an electric guitar.""]"
flickr30k_120,103625356.jpg,/workspace/Semana4/Proyecto/data/processed/flickr30k_hf/images/103625356.jpg,train,A man in a black shirt crouches next to a dirty unfinished concrete edge while several shovels and other tools lean against a tree nearby.,,"[""A man in a black shirt crouches next to a dirty unfinished concrete edge while several shovels and other tools lean against a tree nearby."", ""A man in a baseball cap works to spread cement behind a line of yellow caution tape."", ""A man in a black shirt and baseball cap is applying filler to a trench in the floor."", ""A man wearing a black shirt smoothing out concrete in an urban area."", ""A man is bent over smoothing cement in a sidewalk opening.""]"
flickr30k_121,103631543.jpg,/workspace/Semana4/Proyecto/data/processed/flickr30k_hf/images/103631543.jpg,train,A Caucasian young woman in a white hooded sweatshirt sits at a table set for two in a lowly lit restaurant.,,"[""A Caucasian young woman in a white hooded sweatshirt sits at a table set for two in a lowly lit restaurant."", ""A woman in a white shirt is sitting at a table in a nice restaurant."", ""A young woman sits at a dinner table with two entrees and a martini."", ""A dark-haired young woman hesitates before dining."", ""Woman having a fancy dinner.""]"
flickr30k_122,1039360778.jpg,/workspace/Semana4/Proyecto/data/processed/flickr30k_hf/images/1039360778.jpg,train,A woman in a blue shirt and sunglasses lies on a red blanket in a grassy field with a bike set down next to her.,,"[""A woman in a blue shirt and sunglasses lies on a red blanket in a grassy field with a bike set down next to her."", ""A woman relaxes with her bike on a red blanket in a field of green grass and trees."", ""A lady laid her bicycle on the green lawn as she lies in a red blanket."", ""A woman is laying on a red blanket in a park."", ""A girl suns herself on a red blanket.""]"
flickr30k_123,103953336.jpg,/workspace/Semana4/Proyecto/data/processed/flickr30k_hf/images/103953336.jpg,train,Someone is standing on a long bridge with a cloudy blue sky in the background.,,"[""Someone is standing on a long bridge with a cloudy blue sky in the background."", ""A solitary man stand on a bridge in the evening."", ""One person is standing on a bridge at night."", ""Person crossing a bridge in dim light."", ""A man stands on a bridge at night.""]"
flickr30k_124,1039637574.jpg,/workspace/Semana4/Proyecto/data/processed/flickr30k_hf/images/1039637574.jpg,test,A bride in a light pink dress poses for a picture with male relatives and is being photographed by a man in a cream shirt with white pants.,,"[""A bride in a light pink dress poses for a picture with male relatives and is being photographed by a man in a cream shirt with white pants."", ""A man in light colored clothing photographs a group of men wearing dark suits and hats standing around a woman dressed in a strapless gown."", ""A photographer takes a picture of a group of one girl in a pink dress and 10 boys in suits and hats."", ""A man photographs a woman in a pink dress and a throng of men in suits."", ""Man taking a photograph of a well dressed group of teens.""]"
flickr30k_125,10404007.jpg,/workspace/Semana4/Proyecto/data/processed/flickr30k_hf/images/10404007.jpg,train,Young white boy on a grassy area with a sad expression on his face.,,"[""Young white boy on a grassy area with a sad expression on his face."", ""A baby boy crying standing on a field of grass."", ""A toddler is walking in on a grassy knoll."", ""A blond toddler walks in a field."", ""A child walks in a grassy field.""]"
flickr30k_126,1040426962.jpg,/workspace/Semana4/Proyecto/data/processed/flickr30k_hf/images/1040426962.jpg,train,A man is cooking what appears to be green beans in a grill basket on a grill with a yellow lab standing by him while someone takes a picture from above.,,"[""A man is cooking what appears to be green beans in a grill basket on a grill with a yellow lab standing by him while someone takes a picture from above."", ""A man and his dog are grilling green beans on a grill."", ""A man grilling vegetables on a patio with his dog."", ""A man and a dog grilling green beans."", ""Guy and his dog cooking outside""]"
flickr30k_127,104136873.jpg,/workspace/Semana4/Proyecto/data/processed/flickr30k_hf/images/104136873.jpg,train,Three people are on a hilltop overlooking a green valley.,,"[""Three people are on a hilltop overlooking a green valley."", ""People sit on the mountainside and check out the view."", ""Three people rest on a ledge above the moutains."", ""Three people hang out on top of a big hill."", ""Three people overlook a green valley.""]"
flickr30k_128,104180524.jpg,/workspace/Semana4/Proyecto/data/processed/flickr30k_hf/images/104180524.jpg,train,A group of tourists is crossing a bridge that connects a walking path to a trail of nature.,,"[""A group of tourists is crossing a bridge that connects a walking path to a trail of nature."", ""Many people cross a very tall footbridge with a tree-covered hill in the background."", ""This shows a group of people walking over an arched red bridge."", ""People cross a large bridge to get over the body of water."", ""People walking over a white and red bridge over a pond.""]"
flickr30k_129,1042020065.jpg,/workspace/Semana4/Proyecto/data/processed/flickr30k_hf/images/1042020065.jpg,train,A young boy wearing a jersey looks down over a ledge at many boats in the water.,,"[""A young boy wearing a jersey looks down over a ledge at many boats in the water."", ""A boy looks over a railing at the many boats and rafts below in the water."", ""A boy in a green shirt is looking down at many inflatable boats."", ""A young boy overlooking a crowd of inflatable boats."", ""A boy in a green shirt watches kayakers.""]"
flickr30k_130,1042359076.jpg,/workspace/Semana4/Proyecto/data/processed/flickr30k_hf/images/1042359076.jpg,train,A older man holds an object and is looking at two young girls that sit across from him at a table that is outside.,,"[""A older man holds an object and is looking at two young girls that sit across from him at a table that is outside."", ""Two little girls and an old man have a conversation."", ""An old man is telling two girls something."", ""Two girls and a man were peeling corn."", ""Two young girls listen to an elder.""]"
flickr30k_131,1042590306.jpg,/workspace/Semana4/Proyecto/data/processed/flickr30k_hf/images/1042590306.jpg,train,A man is holding the hand of a woman up to his mouth in front of some buildings while another man looks on.,,"[""A man is holding the hand of a woman up to his mouth in front of some buildings while another man looks on."", ""Guy in blue shirt biting hand of girl in black striped jacket while another guy watches"", ""Asian man and blond woman holding hands outdoors, man in background watches."", ""A man and woman pose for the camera while another man looks on."", ""A multiracial couple posing for a picture""]"
flickr30k_132,104285082.jpg,/workspace/Semana4/Proyecto/data/processed/flickr30k_hf/images/104285082.jpg,train,A man with glasses is sitting a chair playing the oboe while a man in a purple shirt plays percussion and spectators look on.,,"[""A man with glasses is sitting a chair playing the oboe while a man in a purple shirt plays percussion and spectators look on."", ""An older man with gray hair is sitting in a chair playing a large instrument made of bamboo."", ""Gray-haired man in dress shirt plays the bassoon while reading sheet music from a stand"", ""A gray-haired man sitting in a chair playing a wind instrument among other musicians."", ""A man playing a musical instrument.""]"
flickr30k_133,1043819504.jpg,/workspace/Semana4/Proyecto/data/processed/flickr30k_hf/images/1043819504.jpg,test,"A group of 11 people in winter wear such as beanies, skiing jackets, gloves and backpacks are standing in snow paddles outside a house made of ice blocks while a person in front of the door seems to be leading them.",,"[""A group of 11 people in winter wear such as beanies, skiing jackets, gloves and backpacks are standing in snow paddles outside a house made of ice blocks while a person in front of the door seems to be leading them."", ""A group of people wearing snowshoes, and dressed for winter hiking, is standing in front of a building that looks like it's made of blocks of ice."", ""The people are quietly listening while the story of the ice cabin was explained to them."", ""A group of people standing in front of an igloo."", ""Several students waiting outside an igloo.""]"
flickr30k_134,1043910339.jpg,/workspace/Semana4/Proyecto/data/processed/flickr30k_hf/images/1043910339.jpg,test,"A baseball player in red leaps into the air to avoid a player in blue, who is shortly behind him as he catches the ball, while other blue team members look on in the background.",,"[""A baseball player in red leaps into the air to avoid a player in blue, who is shortly behind him as he catches the ball, while other blue team members look on in the background."", ""A boy in a red uniform is attempting to avoid getting out at home plate, while the catcher in the blue uniform is attempting to catch him."", ""A baseball player coming into home plate with knee held high and the catcher right in front of him waiting for the ball."", ""A baseball player attempting to score a run before the catcher tags the player out."", ""A baseball catcher trying to tag a base runner in a baseball game.""]"
flickr30k_135,1044434135.jpg,/workspace/Semana4/Proyecto/data/processed/flickr30k_hf/images/1044434135.jpg,train,A man in the foreground wearing a white shirt and black pants riding a bicycle with a basket in a busy street.,,"[""A man in the foreground wearing a white shirt and black pants riding a bicycle with a basket in a busy street."", ""This photo takes place in a busy street in an Asian city where people are riding bikes and walking."", ""A very bus street is shown with Asian people all around walking and riding bicycles."", ""A man in a white shirt rides a bicycle on a busy street."", ""An Asian man riding a bike in the road.""]"
flickr30k_136,1044764620.jpg,/workspace/Semana4/Proyecto/data/processed/flickr30k_hf/images/1044764620.jpg,train,A man on a ladder is painting a brick wall in a warehouse.,,"[""A man on a ladder is painting a brick wall in a warehouse."", ""A man is standing on a ladder painting bricks"", ""A construction site with building material."", ""Man painting a brick wall on a ladder."", ""A man is panting a piece of wood.""]"
flickr30k_137,1044798682.jpg,/workspace/Semana4/Proyecto/data/processed/flickr30k_hf/images/1044798682.jpg,test,A man wearing a hat and a white shirt is cleaning windows.,,"[""A man wearing a hat and a white shirt is cleaning windows."", ""A man in a white shirt stands high up on scaffolding"", ""A man stands on boards on top of a huge ladder."", ""Man works on top of scaffolding."", ""A guy works on a building.""]"
flickr30k_138,1045124251.jpg,/workspace/Semana4/Proyecto/data/processed/flickr30k_hf/images/1045124251.jpg,train,A blond-haired man with glasses and a blank tank top is sitting next to another man with glasses and headphones while sitting on a train.,,"[""A blond-haired man with glasses and a blank tank top is sitting next to another man with glasses and headphones while sitting on a train."", ""A blond man wearing glasses is sitting in the train looking down at something."", ""White man with glasses sitting next to another man who has earphones in."", ""A 30 somethings man playing with his phone on a subway train."", ""Two guys are riding on a subway, both wearing glasses.""]"
flickr30k_139,1045309098.jpg,/workspace/Semana4/Proyecto/data/processed/flickr30k_hf/images/1045309098.jpg,train,Juggling her shopping bags and Betty Boop backpack and young woman crosses a city street.,,"[""Juggling her shopping bags and Betty Boop backpack and young woman crosses a city street."", ""Woman crossing the street at a crosswalk with multiple bags in her hands."", ""A girl with numerous bags walks on a crosswalk along with other people."", ""Two women are walking in a crosswalk with a bus in the background."", ""Two women walking through a crosswalk.""]"
flickr30k_140,10459869.jpg,/workspace/Semana4/Proyecto/data/processed/flickr30k_hf/images/10459869.jpg,train,Several asian people are eating together around a table.,,"[""Several asian people are eating together around a table."", ""A group of people eating Chinese food in a restaurant."", ""Six people are sitting at a table eating food."", ""A group of people are eating noddles."", ""Several Asians eat food outdoors.""]"
flickr30k_141,104669470.jpg,/workspace/Semana4/Proyecto/data/processed/flickr30k_hf/images/104669470.jpg,train,A woman with flowers in her hair balances a large bowl of assorted fruits on her head.,,"[""A woman with flowers in her hair balances a large bowl of assorted fruits on her head."", ""A dark woman carrying a large bowl of pineapples, bananas and papayas on her head."", ""A woman with flowers in her hair balances a large bowl of fruit on her head."", ""A woman is carrying a bowl full of fruit on her head near the ocean side."", ""A woman is balancing a big bowl of fruit in front of the ocean.""]"
flickr30k_142,104700891.jpg,/workspace/Semana4/Proyecto/data/processed/flickr30k_hf/images/104700891.jpg,train,A man wearing a gray jacket and blue work pants is standing in a hole in the ground,,"[""A man wearing a gray jacket and blue work pants is standing in a hole in the ground"", ""A man in a blue hat stands near a shovel in a deep hole."", ""A man in a whole next to a septic tank."", ""A guy wearing blue in a hole."", ""A man stands in a hole.""]"
flickr30k_143,104763189.jpg,/workspace/Semana4/Proyecto/data/processed/flickr30k_hf/images/104763189.jpg,train,A shirtless young boy on a bicycle too big for him being supported by 3 other young shirtless boys in a grass field.,,"[""A shirtless young boy on a bicycle too big for him being supported by 3 other young shirtless boys in a grass field."", ""Four children are smiling as they pose together with a bicycle that is much too big for them."", ""An African American child is supported by his three peers while riding his bicycle."", ""Four children are smiling and playing on a bike"", ""Boys all outside around a big bike.""]"
flickr30k_144,1047921035.jpg,/workspace/Semana4/Proyecto/data/processed/flickr30k_hf/images/1047921035.jpg,train,"A man in a bandanna and a dirty t-shirt, and a woman in a graphic t-shirt, are standing next to a oblong hole with smoke coming out.",,"[""A man in a bandanna and a dirty t-shirt, and a woman in a graphic t-shirt, are standing next to a oblong hole with smoke coming out."", ""The man, who is wearing the handkerchief, is performing a task with the tub while the woman watches."", ""Two individuals, a male and a female, standing in a forested area around a tub."", ""Two people, one man and one women in the woods putting something in a tub."", ""Steam rises from a large outdoor vat as two workers look on.""]"
flickr30k_145,104816788.jpg,/workspace/Semana4/Proyecto/data/processed/flickr30k_hf/images/104816788.jpg,train,"This little baby girl dressed whimsically in striped pantaloons is pictured so that one must ask which is bigger, her feet or her sleepy smile.",,"[""This little baby girl dressed whimsically in striped pantaloons is pictured so that one must ask which is bigger, her feet or her sleepy smile."", ""A sleeping baby is in someone's arms and wearing a pink striped outfit"", ""A sleeping baby in a pink striped outfit."", ""A little baby cradled in someones arms."", ""A little baby is wearing purple pants.""]"
flickr30k_146,104824673.jpg,/workspace/Semana4/Proyecto/data/processed/flickr30k_hf/images/104824673.jpg,train,An African individual is looking into the camera while dressed in varying beads and decorations that have a cultural relevance.,,"[""An African individual is looking into the camera while dressed in varying beads and decorations that have a cultural relevance."", ""An African native gazes into the camera donning a hat of two corn cobs and necklaces of shells and beads."", ""A member of an African tribe is watching the camera intently in tribal dress."", ""An African woman with piercings, lots of necklaces and corn on her head."", ""A person is wearing a lot of jewelry with corn on his or her head.""]"
flickr30k_147,104835889.jpg,/workspace/Semana4/Proyecto/data/processed/flickr30k_hf/images/104835889.jpg,train,A samurai warrior in full black dress takes his sword from the sheath on an outdoor training mat.,,"[""A samurai warrior in full black dress takes his sword from the sheath on an outdoor training mat."", ""A man in a black martial arts suit unsheathes a sword on a training mat in a field."", ""A guy with a sword and traditional fighting gear is getting ready for a fight."", ""A man in black wields a sword in front of rolling, green hills."", ""One man dressed in black doing karate in a green field.""]"
flickr30k_148,1048710776.jpg,/workspace/Semana4/Proyecto/data/processed/flickr30k_hf/images/1048710776.jpg,train,A couple of several people sitting on a ledge overlooking the beach,,"[""A couple of several people sitting on a ledge overlooking the beach"", ""Several young people sitting on a rail above a crowded beach."", ""A group of people sit on a wall at the beach."", ""A group of teens sit on a wall by a beach."", ""Crowd of people at the beach.""]"
flickr30k_149,1049955899.jpg,/workspace/Semana4/Proyecto/data/processed/flickr30k_hf/images/1049955899.jpg,train,"A group of men and women are hiking through a dried up river bed littered with large rocks, which runs between two rocky walls in a dense green forest.",,"[""A group of men and women are hiking through a dried up river bed littered with large rocks, which runs between two rocky walls in a dense green forest."", ""Five hikers, one facing towards the camera and the others facing away from it, are walking through a rocky riverbed."", ""Hikers treks upward through the creek bed, stopping to catch their breath and enjoy the cool, green scenery."", ""A group of hikers traveling along a rock strewn creek bed."", ""Two women and three men are hiking along a rocky stream.""]"
flickr30k_150,105077209.jpg,/workspace/Semana4/Proyecto/data/processed/flickr30k_hf/images/105077209.jpg,train,A man with a badge is standing on a wood floor next to a structure.,,"[""A man with a badge is standing on a wood floor next to a structure."", ""A security guard stands by a metal, lighted sculpture."", ""A white-haired man in a suit stands in an empty room."", ""A security guard on watch duty at the museum."", ""Security guard at a art museum.""]"
flickr30k_151,1051205546.jpg,/workspace/Semana4/Proyecto/data/processed/flickr30k_hf/images/1051205546.jpg,train,Two women in colorful dresses are sweeping water out of the street while a man watches.,,"[""Two women in colorful dresses are sweeping water out of the street while a man watches."", ""Two women, one in green and the other in purple, washing a sidewalk."", ""Two Indian women in saris are bending over a wet street."", ""Two women in colorful clothing are cleaning the road."", ""Two woman are sweeping a street.""]"
flickr30k_152,1051290485.jpg,/workspace/Semana4/Proyecto/data/processed/flickr30k_hf/images/1051290485.jpg,train,"Two separate women, one wearing a white top and black pants, the other wearing all black and a pair of pink flip-flops, kneel on a gray brick sidewalk path in front of green and red bushes.",,"[""Two separate women, one wearing a white top and black pants, the other wearing all black and a pair of pink flip-flops, kneel on a gray brick sidewalk path in front of green and red bushes."", ""Two women squatting on the sidewalk looking at plants, one in black shirt, shorts and pink sandals, the other in a white shirt, black shorts talking on a cellphone."", ""A little girl is looking at some plants while another is on the phone in the background."", ""Two girls crouch in front of some bushes and talk on their phones."", ""Two girls crouch in front of a garden of small shrubbery.""]"
flickr30k_153,1051953669.jpg,/workspace/Semana4/Proyecto/data/processed/flickr30k_hf/images/1051953669.jpg,train,A young girl wearing a multicolored holding an orange ball in her right hand walking through bright green grass behind a house,,"[""A young girl wearing a multicolored holding an orange ball in her right hand walking through bright green grass behind a house"", ""A little girl wearing a dress walks across a green lawn on a summer day with a home and trees in the background."", ""A child in a dress runs through the yard with a miniature orange soccer ball in her hand."", ""A little girl stands in a backyard, holding a toy and looking into the camera."", ""This little girl is enjoying the spring weather after the long winter break.""]"
flickr30k_154,105223874.jpg,/workspace/Semana4/Proyecto/data/processed/flickr30k_hf/images/105223874.jpg,train,A young child wearing a blue shirt and sandals playing with a red toy while sitting on the floor.,,"[""A young child wearing a blue shirt and sandals playing with a red toy while sitting on the floor."", ""A black-haired child in a blue outfit is playing with a toy outside on a tile floor."", ""A little boy with a blue shirt on sitting on the ground playing with legos."", ""A young child playing with a toy while laying on the floor."", ""A little boy playing with his toy.""]"
flickr30k_155,1052358063.jpg,/workspace/Semana4/Proyecto/data/processed/flickr30k_hf/images/1052358063.jpg,train,A little boy skateboarder is doing a trick on his board while another young skateboarder watches.,,"[""A little boy skateboarder is doing a trick on his board while another young skateboarder watches."", ""A child is performing a skateboard trick while another child with a skateboard leans on a wall."", ""A boy takes a jump on his skateboard while another boy with a skateboard watches."", ""A young boy skateboarder jumping on a platform on a skateboard."", ""Two skateboarders.""]"
flickr30k_156,1053116826.jpg,/workspace/Semana4/Proyecto/data/processed/flickr30k_hf/images/1053116826.jpg,train,"Two little children, one boy and one girl, laugh as they sit on the grass.",,"[""Two little children, one boy and one girl, laugh as they sit on the grass."", ""A little boy and a girl sitting down in the grass having fun."", ""A young boy and a young girl sitting in the grass laughing."", ""Two children smiling and sitting on grass."", ""Two kids are laughing in the grass.""]"
flickr30k_157,1053243591.jpg,/workspace/Semana4/Proyecto/data/processed/flickr30k_hf/images/1053243591.jpg,train,"Young woman holding a bottle, reaching out from a bench to shake a man's hand.",,"[""Young woman holding a bottle, reaching out from a bench to shake a man's hand."", ""A man shaking the hand of a woman in an orange shirt sitting on a bench."", ""A man shaking the hand of a teenager sitting on a bench."", ""A woman having a drink is shaking hands with someone."", ""A young girl in a orange shirt shaking a hand.""]"
flickr30k_158,105335409.jpg,/workspace/Semana4/Proyecto/data/processed/flickr30k_hf/images/105335409.jpg,train,Man talking on a microphone and a crowd of people in front of him.,,"[""Man talking on a microphone and a crowd of people in front of him."", ""A trolley driver is telling people to move off of the street."", ""A mass transit person making an announcement."", ""A driver communicating on his walkie talkie."", ""A man in a vehicle behind a family crowd""]"
flickr30k_159,105342180.jpg,/workspace/Semana4/Proyecto/data/processed/flickr30k_hf/images/105342180.jpg,train,"A girl paddling down a large river, as seen from behind her.",,"[""A girl paddling down a large river, as seen from behind her."", ""A woman with a paddle sits in a boat on the water."", ""A woman paddles a boat down a river."", ""A woman kayaking down a river."", ""A woman with a paddle.""]"
flickr30k_160,1053804096.jpg,/workspace/Semana4/Proyecto/data/processed/flickr30k_hf/images/1053804096.jpg,train,A girl with pigtails is playing in the ocean by the beach.,,"[""A girl with pigtails is playing in the ocean by the beach."", ""A girl in pigtails splashes in the shallow water."", ""A young girl in pigtails plays in the water."", ""A girl with pigtails plays in the water."", ""A girls plays in the surf.""]"
flickr30k_161,1054620089.jpg,/workspace/Semana4/Proyecto/data/processed/flickr30k_hf/images/1054620089.jpg,val,A woman in jeans and a red coat and carrying a multicolored handbag spreads put her arms while leaping up from a cobblestone street.,,"[""A woman in jeans and a red coat and carrying a multicolored handbag spreads put her arms while leaping up from a cobblestone street."", ""A lady in a red coat, holding a bluish hand bag likely of asian descent, jumping off the ground for a snapshot."", ""A woman in a red jacket, with a blue and gold handbag is jumping while smiling on a cobblestone street."", ""A woman wearing a red coat is jumping outdoors."", ""Girl in red jumping for joy.""]"
flickr30k_162,105493603.jpg,/workspace/Semana4/Proyecto/data/processed/flickr30k_hf/images/105493603.jpg,train,Two people sitting beside each other at a table with food on it smiling.,,"[""Two people sitting beside each other at a table with food on it smiling."", ""A couple wearing white sweaters sit at a restaurant table."", ""A man and woman seated at a table together."", ""A man and a woman eating dinner together."", ""A man and woman wearing khaki smiling.""]"
flickr30k_163,105493628.jpg,/workspace/Semana4/Proyecto/data/processed/flickr30k_hf/images/105493628.jpg,train,White wine and appetizers on are displayed in an upscale restaurant.,,"[""White wine and appetizers on are displayed in an upscale restaurant."", ""Food sits on white plates in front of wineglasses and a wine rack."", ""A well lit room, with three glasses on the table and two plates."", ""An elegant food serving on table at a restaurant."", ""A meal is on a table in a restaurant.""]"
flickr30k_164,1055753357.jpg,/workspace/Semana4/Proyecto/data/processed/flickr30k_hf/images/1055753357.jpg,train,Two construction workers are sitting up on the side of a building.,,"[""Two construction workers are sitting up on the side of a building."", ""Two constructions workers sit on a beam taking a break."", ""Two construction workers take a seat on a steel beam."", ""Two construction workers sitting on an I-beam."", ""Two men take a break from construction.""]"
flickr30k_165,1056198351.jpg,/workspace/Semana4/Proyecto/data/processed/flickr30k_hf/images/1056198351.jpg,train,A smiling little boy holds a hand mixer in a bowl.,,"[""A smiling little boy holds a hand mixer in a bowl."", ""Young boy with blond-hair playing with a mixer."", ""A child has fun with a blender in the kitchen."", ""A child using an electric mixer in a bowl."", ""A child happily mixing batter in a bowl.""]"
flickr30k_166,1056249424.jpg,/workspace/Semana4/Proyecto/data/processed/flickr30k_hf/images/1056249424.jpg,train,"Two boys, one with a yellow and orange ball, play in some water in front of a field.",,"[""Two boys, one with a yellow and orange ball, play in some water in front of a field."", ""Two children play with a balloon in mud on a sunny day."", ""Two kids are running and playing in some water."", ""The children are playing in the water."", ""Two boys play in a puddle.""]"
flickr30k_167,1056359656.jpg,/workspace/Semana4/Proyecto/data/processed/flickr30k_hf/images/1056359656.jpg,train,A young girl sits on a seat and looks at a train pamphlet.,,"[""A young girl sits on a seat and looks at a train pamphlet."", ""A young girl on a train reads a book about train rides."", ""A little girl looking at a brochure on train rides"", ""Child sitting down looking at train ride brochure"", ""A young blond girl with a magizine in her hands""]"
flickr30k_168,1056415186.jpg,/workspace/Semana4/Proyecto/data/processed/flickr30k_hf/images/1056415186.jpg,train,"Two Asian girls laughing, as the girl on the right holds an instrument.",,"[""Two Asian girls laughing, as the girl on the right holds an instrument."", ""Two women are sitting and talking and laughing together."", ""2 girls in metal chairs are laughing together."", ""Two women laugh while sitting on the floor."", ""Two asian women smiling and laughing.""]"
flickr30k_169,105685221.jpg,/workspace/Semana4/Proyecto/data/processed/flickr30k_hf/images/105685221.jpg,train,"Several people jogging outside on a sunny day in what seems to be a neighborhood, could be part of a marathon.",,"[""Several people jogging outside on a sunny day in what seems to be a neighborhood, could be part of a marathon."", ""Seven people are running and one of them is a man wearing a blue t-shirt and red shorts"", ""People jogging together on a park sidewalk."", ""A group of joggers running on the sidewalk."", ""Seven joggers run down a path.""]"
flickr30k_170,1056873310.jpg,/workspace/Semana4/Proyecto/data/processed/flickr30k_hf/images/1056873310.jpg,val,Two dogs run towards each other on a rocky area with water in the background.,,"[""Two dogs run towards each other on a rocky area with water in the background."", ""A brown dog is running after a black dog on a rocky shore."", ""Two dogs run across stones near a body of water."", ""A brown dog is running after the black dog."", ""Two dogs playing on a beach.""]"
flickr30k_171,1057089366.jpg,/workspace/Semana4/Proyecto/data/processed/flickr30k_hf/images/1057089366.jpg,train,A kid jumps off the diving board and into the swimming pool below.,,"[""A kid jumps off the diving board and into the swimming pool below."", ""The boy is jumping off a high diving board into the pool."", ""A child jumps off a high diving board into the pool."", ""A little kid is jumping off a high dive at the pool."", ""A boy descends off the end of a high diving board.""]"
flickr30k_172,1057251835.jpg,/workspace/Semana4/Proyecto/data/processed/flickr30k_hf/images/1057251835.jpg,train,A white dog is running down a rocky beach.,,"[""A white dog is running down a rocky beach."", ""Light brown dog running along the beach."", ""A light-colored dog runs on the beach."", ""A small yellow dog runs on a beach"", ""A tan dog runs on a sandy beach.""]"
flickr30k_173,105806535.jpg,/workspace/Semana4/Proyecto/data/processed/flickr30k_hf/images/105806535.jpg,train,"A young man is bathing, with only his shorts on, in a large wooden pale.",,"[""A young man is bathing, with only his shorts on, in a large wooden pale."", ""A man lounges in a wooden basin of water while eating a fruit."", ""A guy in a huge wooden tub while people are looking over."", ""A man holding a yellow ball, soaking in a wooden tub."", ""A man laying in a wooden tub outside.""]"
flickr30k_174,1059514525.jpg,/workspace/Semana4/Proyecto/data/processed/flickr30k_hf/images/1059514525.jpg,train,"A person is sleeping on a bench on the sidewalk, across the street from a bus stop.",,"[""A person is sleeping on a bench on the sidewalk, across the street from a bus stop."", ""A man with a plaid blanket sleeps on a bench near a city street."", ""A person laying on a street bench under a blue plaid blanket."", ""A man is sleeping on a bench near a bus stop."", ""Someone sleeping on bench on city street.""]"
flickr30k_175,10602072.jpg,/workspace/Semana4/Proyecto/data/processed/flickr30k_hf/images/10602072.jpg,train,Two young girls are playing in the forest; the younger one is climbing a short tree and is about 2 feet off the ground.,,"[""Two young girls are playing in the forest; the younger one is climbing a short tree and is about 2 feet off the ground."", ""A little girl in a red shirt and jeans climbs a small tree while another little girl looks on."", ""Two young girl are playing near a small tree, and one has climbed up into the branches."", ""One child is climbing in a tree while another, older child, watches."", ""A young girl watched as a girl younger than her climb a tree.""]"
flickr30k_176,106027774.jpg,/workspace/Semana4/Proyecto/data/processed/flickr30k_hf/images/106027774.jpg,train,It looks as though a soldier is sleeping in a car on his way home after a deployment.,,"[""It looks as though a soldier is sleeping in a car on his way home after a deployment."", ""A young man asleep during a car ride wearing his seat belt."", ""A boy in a beige shirt is sleeping in a car."", ""A man asleep in a car that's driving."", ""A boy sleeps on a car ride.""]"
flickr30k_177,106027978.jpg,/workspace/Semana4/Proyecto/data/processed/flickr30k_hf/images/106027978.jpg,train,Pink shirted woman sleeping in a car with blue and white blanket on her.,,"[""Pink shirted woman sleeping in a car with blue and white blanket on her."", ""A woman in a pink shirt wrapped up in a blue blanket asleep in a car."", ""A woman in a red shirt is under a blanket and sleeping in a vehicle."", ""A lady with brown hair in a pink shirt sleeping in a car."", ""A woman sleeps under a blue and white blanket in a car.""]"
flickr30k_178,106039369.jpg,/workspace/Semana4/Proyecto/data/processed/flickr30k_hf/images/106039369.jpg,train,One man wearing a white shirt is flipping a pancake by flinging it into the air.,,"[""One man wearing a white shirt is flipping a pancake by flinging it into the air."", ""Man is flipping an omelet or pancake in the air, while in his kitchen."", ""A man in a home kitchen is flipping a pancake extremely high."", ""A guy flipping a pancake high into the air from a skillet."", ""Man flipping pancake in kitchen while looking in awe.""]"
flickr30k_179,1060605297.jpg,/workspace/Semana4/Proyecto/data/processed/flickr30k_hf/images/1060605297.jpg,train,Firefighters converse with a man at the scene of an emergency.,,"[""Firefighters converse with a man at the scene of an emergency."", ""Firefighters wear reflective uniforms and stare upwards."", ""Several firefighters are responding to an alarm."", ""Reflections from the firemen's uniforms."", ""Firefighters are responding to an event.""]"
flickr30k_180,1061467336.jpg,/workspace/Semana4/Proyecto/data/processed/flickr30k_hf/images/1061467336.jpg,train,"A few firefighters, wearing black, yellow, and pink jackets, standing next to a firetruck.",,"[""A few firefighters, wearing black, yellow, and pink jackets, standing next to a firetruck."", ""Several firefighters stand outside of a building near their firetrucks."", ""Firefighters at a scene with a firetruck that has it's lights on."", ""Firemen stand outside of their firetruck with all its lights on."", ""Four on-duty firemen talk in front of a firetruck.""]"
flickr30k_181,1061887159.jpg,/workspace/Semana4/Proyecto/data/processed/flickr30k_hf/images/1061887159.jpg,train,A man is kneeling down with a child on a beach where bright blue and red boats are stationed in the background.,,"[""A man is kneeling down with a child on a beach where bright blue and red boats are stationed in the background."", ""A beach with blue and red boats, with people on shore"", ""People are doing various activities on the beach."", ""People at beach looking for things in sand"", ""Many people walking on beach.""]"
flickr30k_182,106300392.jpg,/workspace/Semana4/Proyecto/data/processed/flickr30k_hf/images/106300392.jpg,train,A man in an orange hard hat and vest looks at an object in his hand while the man next to him stands on a ladder in order to reach the ceiling.,,"[""A man in an orange hard hat and vest looks at an object in his hand while the man next to him stands on a ladder in order to reach the ceiling."", ""There are two workers, one on a ladder, against a blue wall with a yellow-and-black stripe."", ""Construction workers in front of blue wall with warning stripe."", ""Men wearing hard hats and safety vests are working."", ""A guy with boots is on a ladder.""]"
flickr30k_183,106356264.jpg,/workspace/Semana4/Proyecto/data/processed/flickr30k_hf/images/106356264.jpg,train,"A newsstand so packed with magazines, candy and coke-a-cola products that the smiling woman working behind the counter is easy to miss.",,"[""A newsstand so packed with magazines, candy and coke-a-cola products that the smiling woman working behind the counter is easy to miss."", ""A magazine vendor sits behind a very colorful collage of magazines."", ""A newsstand clerk is surrounded by her colorful merchandise."", ""A woman working at a newsstand."", ""A woman in a magazine stand.""]"
flickr30k_184,10637120.jpg,/workspace/Semana4/Proyecto/data/processed/flickr30k_hf/images/10637120.jpg,train,A large earth moving machine creating a track with a man watching it closely with what looks like surveying equipment.,,"[""A large earth moving machine creating a track with a man watching it closely with what looks like surveying equipment."", ""A worker wearing a hard hat watching a large machine dig a trench in the dry dirt."", ""A man in blue overalls and a yellow hard hat is watching a huge machine work."", ""A man in a hard hat is wearing a blue shirt and blue jean overalls."", ""A man in a hard hat looks at some machinery.""]"
flickr30k_185,106372282.jpg,/workspace/Semana4/Proyecto/data/processed/flickr30k_hf/images/106372282.jpg,train,A man sitting down with this head resting on his fists next to a man with his eyes closed and his together with dough sitting on a table in front of them both.,,"[""A man sitting down with this head resting on his fists next to a man with his eyes closed and his together with dough sitting on a table in front of them both."", ""At the bakery, the fat old baker sleeps while his apprentice rubs the flour out of his eyes, seated beside him."", ""An all yellow photo of two men sitting in a bakery."", ""A tired looking person makes a lot of bread."", ""Two men relaxing in a bakery""]"
flickr30k_186,1063866640.jpg,/workspace/Semana4/Proyecto/data/processed/flickr30k_hf/images/1063866640.jpg,train,Four men are sitting near a tree talking while another stands looking at a body of water and another is rowing a boat.,,"[""Four men are sitting near a tree talking while another stands looking at a body of water and another is rowing a boat."", ""Several men are sitting by a river conversing with one another while a boat drifts by them."", ""Five people sitting in front of a body of water with the sun behind them."", ""A group of shirtless men are sitting in the shade on a tropical beach."", ""Five men sitting with a body of water behind them.""]"
flickr30k_187,106490881.jpg,/workspace/Semana4/Proyecto/data/processed/flickr30k_hf/images/106490881.jpg,train,A young boy in swimming trunks is walking with his arms outstretched on the beach.,,"[""A young boy in swimming trunks is walking with his arms outstretched on the beach."", ""The boy is playing on the shore of an ocean."", ""A boy in his blue swim shorts at the beach."", ""A boy smiles for the camera at a beach."", ""Children playing on the beach.""]"
flickr30k_188,106514190.jpg,/workspace/Semana4/Proyecto/data/processed/flickr30k_hf/images/106514190.jpg,train,A skier is overlooking the beautiful white snow covered landscape.,,"[""A skier is overlooking the beautiful white snow covered landscape."", ""A hiker standing high on a bluff overlooking the mountains below."", ""A person on ski's looks from hill over snow covered landscape"", ""A skier is overlooking a snow-covered mountain."", ""A skier pauses on a mountaintop.""]"
flickr30k_189,1065323785.jpg,/workspace/Semana4/Proyecto/data/processed/flickr30k_hf/images/1065323785.jpg,train,Kids riding on their bicycles near a mound of dirt with a hovel from a backhoe in front of the mound.,,"[""Kids riding on their bicycles near a mound of dirt with a hovel from a backhoe in front of the mound."", ""A boy wearing a red shirt is riding his bike right next to a mound of dirt."", ""A group of boys are riding their bikes around a big pile of dirt."", ""Kids are riding bikes near a dirt mound in the street."", ""The kids are riding bikes in the pile of dirt.""]"
flickr30k_190,1065831604.jpg,/workspace/Semana4/Proyecto/data/processed/flickr30k_hf/images/1065831604.jpg,train,A bunch of people in racing gear and helmets racing bicycles around a corner on wet pavement.,,"[""A bunch of people in racing gear and helmets racing bicycles around a corner on wet pavement."", ""Many men ride their bicycles through some puddles around a curve during a race."", ""Group of bicyclers rounding a corner with water spraying up from their wheels."", ""Bikers in a bike race take a sharp left turn."", ""Several bike riders compete in a competition.""]"
flickr30k_191,1066252238.jpg,/workspace/Semana4/Proyecto/data/processed/flickr30k_hf/images/1066252238.jpg,train,A boy in a pink T-shirt is riding a bike over a sand pile while two others are riding in the street.,,"[""A boy in a pink T-shirt is riding a bike over a sand pile while two others are riding in the street."", ""Three boys playing and biking with a pile of sand in the middle"", ""3 young boys are riding their bikes around a mound of dirt."", ""Three kids riding bikes over a dirt mound."", ""Some young boys ride bikes in the street.""]"
flickr30k_192,1066831905.jpg,/workspace/Semana4/Proyecto/data/processed/flickr30k_hf/images/1066831905.jpg,train,Elderly man with cane bends down to look at some plants and is steadied from behind.,,"[""Elderly man with cane bends down to look at some plants and is steadied from behind."", ""A man and a woman are standing behind an elderly man who is looking at a bush."", ""A man holds up an older man as the older man bends down to check out plants."", ""An older man in a white short-sleeve shirt admiring a bush."", ""Elderly man with a cane bends over near a man and woman.""]"
flickr30k_193,106691539.jpg,/workspace/Semana4/Proyecto/data/processed/flickr30k_hf/images/106691539.jpg,train,A male surgeon wearing a red cap and teal scrubs performing surgery with two other men wearing teal scrubs.,,"[""A male surgeon wearing a red cap and teal scrubs performing surgery with two other men wearing teal scrubs."", ""A doctor and nurses in blue scrubs are performing an operation."", ""A surgeon and surgical staff operating on a patient."", ""A surgeon and two assistants perform an operation."", ""Surgical team performing surgery.""]"
flickr30k_194,1067180831.jpg,/workspace/Semana4/Proyecto/data/processed/flickr30k_hf/images/1067180831.jpg,train,A black and white dog is attempting to catch a yellow and purple object in a low cut yard.,,"[""A black and white dog is attempting to catch a yellow and purple object in a low cut yard."", ""A black dog is jumping up to catch a purple and green toy."", ""A black and white dog jumps after a yellow toy."", ""A black and white dog jumps to get the Frisbee."", ""A dog jumps to catch a toy.""]"
flickr30k_195,1067790824.jpg,/workspace/Semana4/Proyecto/data/processed/flickr30k_hf/images/1067790824.jpg,train,A white and black dog and a brown dog in sandy terrain.,,"[""A white and black dog and a brown dog in sandy terrain."", ""Two large dogs chasing each other at the beach."", ""The two large dogs are running through sand."", ""One dog is chasing another one on the beach."", ""A woolly dog chases a Doberman on a beach.""]"
flickr30k_196,1068427675.jpg,/workspace/Semana4/Proyecto/data/processed/flickr30k_hf/images/1068427675.jpg,train,A man in an all black outfit just threw a bowling ball down a lane towards the center of the bowling pins.,,"[""A man in an all black outfit just threw a bowling ball down a lane towards the center of the bowling pins."", ""A guy wearing all black at a bowling alley standing in front of a lane with a black bowling ball in it."", ""A man is bowling at an alley with cosmic imagery including bowling balls and pins above the lanes."", ""A man stand there after rolling a bowling ball down a lane."", ""Man finished throwing bowling ball towards bowling pins.""]"
flickr30k_197,106959209.jpg,/workspace/Semana4/Proyecto/data/processed/flickr30k_hf/images/106959209.jpg,train,"A man in a black shirt is riding a mule trough the desert, with the sun shining in the background.",,"[""A man in a black shirt is riding a mule trough the desert, with the sun shining in the background."", ""An old weathered, bearded man wearing all black, riding a beautiful white donkey on white rocks."", ""A man wearing black is riding a white horse with numerous rocks around him."", ""A gray bearded man in black clothing riding a horse on a rocky path."", ""Man with gray hair and a black outfit riding a white horse.""]"
flickr30k_198,107022557.jpg,/workspace/Semana4/Proyecto/data/processed/flickr30k_hf/images/107022557.jpg,train,Two tired-looking men relax on a couch near a wooden trestle table with a coffee cup on it.,,"[""Two tired-looking men relax on a couch near a wooden trestle table with a coffee cup on it."", ""A man and woman are on a couch, and they are both asleep."", ""A man and woman are taking a nap on a couch."", ""A man and woman laze around on the couch."", ""A man and woman napping on a blue couch.""]"
flickr30k_199,1071201387.jpg,/workspace/Semana4/Proyecto/data/processed/flickr30k_hf/images/1071201387.jpg,test,A man wearing a reflective vest sits on the sidewalk and holds up pamphlets with bicycles on the cover.,,"[""A man wearing a reflective vest sits on the sidewalk and holds up pamphlets with bicycles on the cover."", ""Man in bright yellow vest displays bicycle safety information on street."", ""A man and woman talking are interrupted and a man covers his face."", ""A man in a vest is sitting in a chair and holding magazines."", ""A construction worker holds a sign about bicycling.""]"
flickr30k_200,1072439304.jpg,/workspace/Semana4/Proyecto/data/processed/flickr30k_hf/images/1072439304.jpg,val,"A young helmeted man, in his team uniform, is swinging his bat at an incoming baseball.",,"[""A young helmeted man, in his team uniform, is swinging his bat at an incoming baseball."", ""A young boy wearing a Giants jersey swings a baseball bat at an incoming pitch."", ""A boy playing for the Giants baseball team swinging at a baseball."", ""A child swings a baseball bat at the ball."", ""This little boy hitting a ball.""]"
flickr30k_201,1073145694.jpg,/workspace/Semana4/Proyecto/data/processed/flickr30k_hf/images/1073145694.jpg,train,A man in a yellow shirt and black shorts getting ready to throw a javelin.,,"[""A man in a yellow shirt and black shorts getting ready to throw a javelin."", ""A man wearing a yellow shirt is throwing a javelin on a track."", ""An Asian man is throwing a javelin in a yellow shirt."", ""A teenage guy wearing glasses is throwing a javelin."", ""A man with a yellow shirt throwing a javelin.""]"
flickr30k_202,107318069.jpg,/workspace/Semana4/Proyecto/data/processed/flickr30k_hf/images/107318069.jpg,train,Seven large balloons are lined up at nighttime near a crowd.,,"[""Seven large balloons are lined up at nighttime near a crowd."", ""People are watching hot air balloons in the park."", ""A group of hot air balloons lit up at night."", ""A crowd watching air balloons at night."", ""People watching hot air balloons.""]"
flickr30k_203,1073444492.jpg,/workspace/Semana4/Proyecto/data/processed/flickr30k_hf/images/1073444492.jpg,val,A guy sitting at a desk talking on a phone with books laying everywhere.,,"[""A guy sitting at a desk talking on a phone with books laying everywhere."", ""Man talking on a phone, surrounded by books in an office."", ""A man sits at a desk in room cluttered with books."", ""A man on the phone surrounded by stacks of books."", ""A man in a cluttered office is using the telephone""]"
flickr30k_204,107368840.jpg,/workspace/Semana4/Proyecto/data/processed/flickr30k_hf/images/107368840.jpg,train,Two brunette women in jackets sitting against a wall and looking at the same magazine.,,"[""Two brunette women in jackets sitting against a wall and looking at the same magazine."", ""A woman is reading a magazine over another woman's shoulder."", ""Fuzzy photo of two girls reading a magazine."", ""Two women are reading the same magazine."", ""Two women reading a magazine.""]"
flickr30k_205,10751489.jpg,/workspace/Semana4/Proyecto/data/processed/flickr30k_hf/images/10751489.jpg,train,Two men are squatting with one man lighting a stick from a candle flame and the other man has his hands folded looking at the ground while a person wearing a bracelet has a phone to their ear.,,"[""Two men are squatting with one man lighting a stick from a candle flame and the other man has his hands folded looking at the ground while a person wearing a bracelet has a phone to their ear."", ""Two men are hunched down in front of candles in what appears to be a kind of vigil."", ""At night, two men in glasses crouch near some plants."", ""Two men squat to light candles at night."", ""A man with glasses lighting a candle.""]"
flickr30k_206,107532584.jpg,/workspace/Semana4/Proyecto/data/processed/flickr30k_hf/images/107532584.jpg,train,A young man is walking through a busy street beside a mall.,,"[""A young man is walking through a busy street beside a mall."", ""Woman in a pink hat walking with a man in a gray sweater."", ""An Asian couple walks in the shopping district."", ""A woman in a pink hat strolls along sidewalk."", ""Several people are walking around outside.""]"
flickr30k_207,1075716537.jpg,/workspace/Semana4/Proyecto/data/processed/flickr30k_hf/images/1075716537.jpg,train,A little boy rides a bike down a hill on a miniature dirt bike.,,"[""A little boy rides a bike down a hill on a miniature dirt bike."", ""A young boy in a helmet rides a bike on the road."", ""A child with a helmet on his head rides a bike."", ""The young boy pedals quickly at a BMX race."", ""The little boy rides his bicycle in a race.""]"
flickr30k_208,107582366.jpg,/workspace/Semana4/Proyecto/data/processed/flickr30k_hf/images/107582366.jpg,train,A group of people sit around a table outside on a porch at night.,,"[""A group of people sit around a table outside on a porch at night."", ""A group of eight people are gathered around a table at night."", ""A group of people sitting at a table in a darkened room."", ""A group of people sit outdoors together at night."", ""A group of people gathered around in the dark.""]"
flickr30k_209,1075867198.jpg,/workspace/Semana4/Proyecto/data/processed/flickr30k_hf/images/1075867198.jpg,train,A man in a brown shirt and dark shorts plays on the beach with his two black dogs.,,"[""A man in a brown shirt and dark shorts plays on the beach with his two black dogs."", ""A man in shorts with two black dogs holds a ball throwing toy at the beach."", ""A man playing with two black dogs on the beach"", ""Man at the beach with two dogs."", ""A man with two dogs on a beach""]"
flickr30k_210,1075881101.jpg,/workspace/Semana4/Proyecto/data/processed/flickr30k_hf/images/1075881101.jpg,train,A child covered in foam is climbing on a black inflatable ramp.,,"[""A child covered in foam is climbing on a black inflatable ramp."", ""A person covered in soapy water is getting cleaned off."", ""A boy covered in suds has his face wiped clean."", ""A boy cleans the bubbles off his face."", ""A boy is covered in bubbles.""]"
flickr30k_211,1076460267.jpg,/workspace/Semana4/Proyecto/data/processed/flickr30k_hf/images/1076460267.jpg,train,A couple is sitting in a blue raft watching a lot of people in bathing suits on a boat.,,"[""A couple is sitting in a blue raft watching a lot of people in bathing suits on a boat."", ""A group of people in swimsuits enjoy themselves on a cruise ship."", ""Many people in bathing suits on a boat and on inflatable rafts."", ""A large gathering of people partying on boats."", ""Dozens of people are partying on a boat.""]"
flickr30k_212,1076503761.jpg,/workspace/Semana4/Proyecto/data/processed/flickr30k_hf/images/1076503761.jpg,train,A girl with blond-hair is holding a bottle and wearing a blue and green floral bikini on a boat.,,"[""A girl with blond-hair is holding a bottle and wearing a blue and green floral bikini on a boat."", ""A young woman in a bikini holding a bottle is goofing around and kicking a man in a straw hat."", ""A young woman on a boat in a light colored bikini kicks a man wearing a straw cowboy hat."", ""Teenagers are partying on a boat while a blond teenager is kicking a man."", ""A group of students during spring brake.""]"
flickr30k_213,1077546505.jpg,/workspace/Semana4/Proyecto/data/processed/flickr30k_hf/images/1077546505.jpg,train,A boy in blue swimming trunks slides down a yellow slide into a wading pool with inflatable toys floating in the water.,,"[""A boy in blue swimming trunks slides down a yellow slide into a wading pool with inflatable toys floating in the water."", ""A child is falling off a slide onto colored balloons floating on a pool of water."", ""A boy sliding down a slide into a pool with colorful tubes."", ""A boy in blue shorts slides down a slide into a pool."", ""A boy rides down a slide into a small backyard pool.""]"
flickr30k_214,1077931201.jpg,/workspace/Semana4/Proyecto/data/processed/flickr30k_hf/images/1077931201.jpg,train,A man in water throwing a little boy up in the air and waiting for him to come down so he can catch him.,,"[""A man in water throwing a little boy up in the air and waiting for him to come down so he can catch him."", ""A man in a wetsuit is throwing a toddler up in the air and is ready to catch him."", ""A man in a wetsuit is throwing a baby wearing a wetsuit up into the air."", ""While water droplets fly, a man throws a little boy up in the air."", ""The man is in the pool and throwing a small boy into the air.""]"
flickr30k_215,1078621572.jpg,/workspace/Semana4/Proyecto/data/processed/flickr30k_hf/images/1078621572.jpg,train,A large group of people traveling down a countryside road in the back of a small pickup truck while one person is walking along side the truck.,,"[""A large group of people traveling down a countryside road in the back of a small pickup truck while one person is walking along side the truck."", ""People cram together in the back of a truck that is heading through green rolling hills while passing a pedestrian along the way."", ""A rickety old truck, stuffed to overflowing with men, is traveling down a country road on the left hand side."", ""A group of people riding in the back of a truck, down the road, in a country area."", ""Many men on the back of a pick up truck going down a road.""]"
flickr30k_216,1079013716.jpg,/workspace/Semana4/Proyecto/data/processed/flickr30k_hf/images/1079013716.jpg,train,Two people are preparing food in a restaurant kitchen.,,"[""Two people are preparing food in a restaurant kitchen."", ""The cooks are preparing hamburgers for the customers."", ""Two chefs prepare burgers in a restaurant kitchen."", ""Two men preparing food in a kitchen."", ""Two cooks in the kitchen cooking.""]"
flickr30k_217,1079274291.jpg,/workspace/Semana4/Proyecto/data/processed/flickr30k_hf/images/1079274291.jpg,train,"Two young boys are looking at the camera, one smiling, the other sticking his tongue out.",,"[""Two young boys are looking at the camera, one smiling, the other sticking his tongue out."", ""A little boy sticks his tongue out for the camera. Another boy looks on."", ""Two young boys look up at the camera as one sticks out his tongue."", ""Two young boys making silly faces."", ""Two boys make faces.""]"
flickr30k_218,107936523.jpg,/workspace/Semana4/Proyecto/data/processed/flickr30k_hf/images/107936523.jpg,train,A person with brown pants is sitting around a fenced area that has sparks flying.,,"[""A person with brown pants is sitting around a fenced area that has sparks flying."", ""A man in workman's gear is welding an I beam above a chain link fence."", ""A man is wearing brown pants and boots, while welding."", ""Construction worker, welding on high beam."", ""A metal worker doing some kind of work.""]"
flickr30k_219,107969134.jpg,/workspace/Semana4/Proyecto/data/processed/flickr30k_hf/images/107969134.jpg,test,A mother decides to take her child on a piggyback ride outside their apartment complex.,,"[""A mother decides to take her child on a piggyback ride outside their apartment complex."", ""A baby boy in a blue and white striped shirt is sitting on his mother's shoulders."", ""A mother and her young song enjoying a beautiful day outside."", ""A young woman is giving a baby a ride on her shoulders."", ""A woman gives a small child a piggyback ride.""]"
flickr30k_220,1079742005.jpg,/workspace/Semana4/Proyecto/data/processed/flickr30k_hf/images/1079742005.jpg,train,A woman is resting against a cross shaped pole while looking towards a large body of water.,,"[""A woman is resting against a cross shaped pole while looking towards a large body of water."", ""A person overlooking the view from above, while leaning on a cross."", ""A woman leaning against a white cross looking at the ocean below."", ""Woman on a hill by a white cross overlooking a beach."", ""A person stands by a white cross overlooking a bay.""]"
flickr30k_221,107985741.jpg,/workspace/Semana4/Proyecto/data/processed/flickr30k_hf/images/107985741.jpg,train,A group of people on a riverbank some sitting on the grass some standing.,,"[""A group of people on a riverbank some sitting on the grass some standing."", ""Several people sitting and standing on a grassy area next to the water."", ""Four girls are sitting in the grass while several men stand near them."", ""A group of people are gathered near the water."", ""People gather in a grassy area near a lake.""]"
flickr30k_222,1080230428.jpg,/workspace/Semana4/Proyecto/data/processed/flickr30k_hf/images/1080230428.jpg,test,A male volleyball player in red trunks tries to block the shot of the opposing player during a professional volleyball game.,,"[""A male volleyball player in red trunks tries to block the shot of the opposing player during a professional volleyball game."", ""Men playing volleyball, with one player missing the ball but hands still in the air."", ""A group of spectators watch a men's sand volleyball game."", ""Volleyball players compete on a sunny day at the beach."", ""Men playing volleyball in the sand.""]"
flickr30k_223,108149945.jpg,/workspace/Semana4/Proyecto/data/processed/flickr30k_hf/images/108149945.jpg,train,Two men shoveling snow off a railroad track dressed in bright orange snowsuits.,,"[""Two men shoveling snow off a railroad track dressed in bright orange snowsuits."", ""Two men in orange coveralls shovel snow off railroad tracks."", ""Two men in hats and orange uniforms are shoveling snow."", ""Men at work shoveling snow from a rail track."", ""Emergency workers clearing the path.""]"
flickr30k_224,10815824.jpg,/workspace/Semana4/Proyecto/data/processed/flickr30k_hf/images/10815824.jpg,train,A blond horse and a blond girl in a black sweatshirt are staring at a fire in a barrel.,,"[""A blond horse and a blond girl in a black sweatshirt are staring at a fire in a barrel."", ""A man, and girl and two horses are near a contained fire."", ""A girl holding a horse's lead behind a fire."", ""Two people and two horses watching a fire."", ""A girl and her horse stand by a fire.""]"
flickr30k_225,1081595465.jpg,/workspace/Semana4/Proyecto/data/processed/flickr30k_hf/images/1081595465.jpg,train,A group of construction workers dressed in orange safety vest sit on the ground assembling a railroad track.,,"[""A group of construction workers dressed in orange safety vest sit on the ground assembling a railroad track."", ""Several workers in orange vests are repairing tram rails, as onlookers stand by."", ""Workers wearing reflective vests working near a train car."", ""Rail workers working on train tracks in the city."", ""There are laborers working on a train track.""]"
flickr30k_226,1082110795.jpg,/workspace/Semana4/Proyecto/data/processed/flickr30k_hf/images/1082110795.jpg,train,"Two gentlemen in baseball caps and shirts, work on the engine of an old, rusted VW beetle.",,"[""Two gentlemen in baseball caps and shirts, work on the engine of an old, rusted VW beetle."", ""An older guy looking at a classic, rustic, volkswagen beetle."", ""Two men working on a yellow Volkswagen beetle."", ""Two men looking at a beat up old car."", ""Two men are working on an old car.""]"
flickr30k_227,1082223338.jpg,/workspace/Semana4/Proyecto/data/processed/flickr30k_hf/images/1082223338.jpg,train,A man kneels on the ground doing some sort of project on his own.,,"[""A man kneels on the ground doing some sort of project on his own."", ""Woman with blue gloves working on the sidewalk with some cleaner"", ""A short, brown hair girl is assembling a pink roof cover."", ""A woman assembles a white metal frame on the sidewalk."", ""A young woman sands down an old shelf.""]"
flickr30k_228,1082250005.jpg,/workspace/Semana4/Proyecto/data/processed/flickr30k_hf/images/1082250005.jpg,test,"A woman wearing a pink shirt and red apron stands in her restaurant holding food and surrounded by bagged breads, a microwave and the chalkboard menu up on the wall.",,"[""A woman wearing a pink shirt and red apron stands in her restaurant holding food and surrounded by bagged breads, a microwave and the chalkboard menu up on the wall."", ""Woman wearing a yellow hat, pink shirt, and red apron is holding food in a kitchen."", ""Employee in pink shirt smiles for camera inside a restaurant kitchen."", ""A woman holding a bowl of food in a kitchen."", ""Women in store happily holding some food.""]"
flickr30k_229,1082252566.jpg,/workspace/Semana4/Proyecto/data/processed/flickr30k_hf/images/1082252566.jpg,train,A large brown dog is pushing a small Boston terrier with his face while anouther dog watches.,,"[""A large brown dog is pushing a small Boston terrier with his face while anouther dog watches."", ""There are three dogs starring at a ball in the middle of them."", ""A large skinny dog stands near two smaller dogs in the dirt."", ""A bulldog, a sheepdog, and a boxer standing in a yard."", ""Three dogs of various sizes.""]"
flickr30k_230,1082379191.jpg,/workspace/Semana4/Proyecto/data/processed/flickr30k_hf/images/1082379191.jpg,train,A man and woman sitting on a deck next to a lake.,,"[""A man and woman sitting on a deck next to a lake."", ""A man and a woman are sitting on a dock together."", ""A shirtless man and a woman sitting on a dock."", ""A lady and a man with no shirt sit on a dock."", ""A man and a woman sitting on a dock.""]"
flickr30k_231,1082478946.jpg,/workspace/Semana4/Proyecto/data/processed/flickr30k_hf/images/1082478946.jpg,train,There are workers laying out the tracks for a trolley.,,"[""There are workers laying out the tracks for a trolley."", ""Men in orange vests are laying train track down."", ""Men wearing orange vests working on a railroad."", ""A group of men work on some streetcar rails."", ""Men in safety vests are working on a track.""]"
flickr30k_232,1082608010.jpg,/workspace/Semana4/Proyecto/data/processed/flickr30k_hf/images/1082608010.jpg,train,A construction worker in a neon vest is working with electrical equipment while sparks fly.,,"[""A construction worker in a neon vest is working with electrical equipment while sparks fly."", ""A man in a face mask and high visibility vest working on a train track."", ""A woman with an orange and gray shirt is fixing something."", ""A man fixing the road with his equipment."", ""He is working in an orange vest.""]"
flickr30k_233,1083240835.jpg,/workspace/Semana4/Proyecto/data/processed/flickr30k_hf/images/1083240835.jpg,train,A woman with red-brown hair and dark painted fingernails is carefully applying mascara.,,"[""A woman with red-brown hair and dark painted fingernails is carefully applying mascara."", ""A woman with reddish hair applies mascara to her eyelashes."", ""A woman is carefully applying mascara to her eyelashes."", ""A woman applies mascara to her eyelash."", ""A woman is applying mascara.""]"
flickr30k_234,1084040636.jpg,/workspace/Semana4/Proyecto/data/processed/flickr30k_hf/images/1084040636.jpg,train,A white dog is resting its head on a tiled floor with its eyes open.,,"[""A white dog is resting its head on a tiled floor with its eyes open."", ""A closeup of a white dog that is laying its head on its paws."", ""A white dog rests its head on the patio bricks."", ""A white dog has its head on the ground."", ""A large white dog lying on the floor.""]"
flickr30k_235,1084104085.jpg,/workspace/Semana4/Proyecto/data/processed/flickr30k_hf/images/1084104085.jpg,train,A woman in a yellow shirt and green shorts is climbing an artificial red wall whilst wearing a safety harness.,,"[""A woman in a yellow shirt and green shorts is climbing an artificial red wall whilst wearing a safety harness."", ""A woman in blue shorts and a white shirt is indoor rock climbing."", ""The girl is in a harness, climbing rocks."", ""Woman climbing an artificial rock wall."", ""The girl is climbing a rock wall.""]"
flickr30k_236,1084527029.jpg,/workspace/Semana4/Proyecto/data/processed/flickr30k_hf/images/1084527029.jpg,train,Looks like everyone is getting good gas mileage here with all these beautiful scooters!,,"[""Looks like everyone is getting good gas mileage here with all these beautiful scooters!"", ""Dozens of motor scooters are arranged here in an orderly fashion."", ""Many scooters are parked together on the sidewalk."", ""Several Japanese motorcycles are lined up."", ""A lot of motorcycles lined up in Asia.""]"
flickr30k_237,108503753.jpg,/workspace/Semana4/Proyecto/data/processed/flickr30k_hf/images/108503753.jpg,train,The regional park police helicopter is preparing to land.,,"[""The regional park police helicopter is preparing to land."", ""A white and green helicopter takes off from the airfield."", ""A helicopter on a clear day taking off."", ""A helicopter is taking off for flight."", ""Helicopter taking off from airport.""]"
flickr30k_238,10863862.jpg,/workspace/Semana4/Proyecto/data/processed/flickr30k_hf/images/10863862.jpg,train,"An older, male construction worker wearing a yellow vest climbing down from the roof of a building onto scaffolding.",,"[""An older, male construction worker wearing a yellow vest climbing down from the roof of a building onto scaffolding."", ""A man in a yellow vest is standing on the wall above the scaffold."", ""A man in a reflective jacket positions himself on scaffolding."", ""A construction worker is on climbing on top of a building."", ""A man climbs down a scaffolding.""]"
flickr30k_239,108656820.jpg,/workspace/Semana4/Proyecto/data/processed/flickr30k_hf/images/108656820.jpg,train,"A group of people are either standing or sitting, some are wearing hats and scarves, while some are not.",,"[""A group of people are either standing or sitting, some are wearing hats and scarves, while some are not."", ""A group of fourteen is assembled in a hall with dining tables and a stage."", ""A large group of people mingling in a room with a tile floor."", ""Lots of people in different costumes at some kind of party."", ""A gathering of people standing by a stage.""]"
flickr30k_240,1087168168.jpg,/workspace/Semana4/Proyecto/data/processed/flickr30k_hf/images/1087168168.jpg,train,A young boy jumping and a young girl sitting in an inflatable pool.,,"[""A young boy jumping and a young girl sitting in an inflatable pool."", ""A boy is jumping on an inflatable ring and a girl is watching him"", ""Two young kids are playing in the water on an inflated toy."", ""A teenage boy is jumping on an inflatable slide."", ""A boy jumping on a water jumphouse""]"
flickr30k_241,1087539207.jpg,/workspace/Semana4/Proyecto/data/processed/flickr30k_hf/images/1087539207.jpg,train,Several children playing on a Polaris vehicle outdoors.,,"[""Several children playing on a Polaris vehicle outdoors."", ""The children played on the four wheeler in the field."", ""A family playing on a tractor on a beautiful day"", ""The four kids are riding on an ATV in a field."", ""Children ride a tractor in a field.""]"
flickr30k_242,1088385559.jpg,/workspace/Semana4/Proyecto/data/processed/flickr30k_hf/images/1088385559.jpg,train,"An older woman stir fries vegetables in a home kitchen, with a counter crowded with jars and bottles in the background.",,"[""An older woman stir fries vegetables in a home kitchen, with a counter crowded with jars and bottles in the background."", ""An Indian woman in traditional clothing cooks vegetables on her stove."", ""An elderly woman is cooking dinner in a frying pan."", ""An elderly woman pan frying food in a kitchen."", ""A white-haired woman in cooking vegetables.""]"
flickr30k_243,1088767354.jpg,/workspace/Semana4/Proyecto/data/processed/flickr30k_hf/images/1088767354.jpg,train,The girl in the salmon colored bikini is standing next to two young people; one is wearing a black outfit and the other is drinking pop.,,"[""The girl in the salmon colored bikini is standing next to two young people; one is wearing a black outfit and the other is drinking pop."", ""Two young people are approached by a flamboyant young woman dressed in a red bikini and a red feathered headress."", ""A woman wearing a red costume looks at two other people standing on a street."", ""A young woman in a red sequined costume and feather stands on the sidewalk."", ""A woman in a red costume to the left of a man and woman standing together.""]"
flickr30k_244,108898978.jpg,/workspace/Semana4/Proyecto/data/processed/flickr30k_hf/images/108898978.jpg,train,Two people wearing yellow jackets crosscountry skiing.,,"[""Two people wearing yellow jackets crosscountry skiing."", ""Two skiers are making their way through woodland."", ""Two skiers are sliding down a trail in the woods."", ""Two men are skiing in the snow in a wooded area."", ""Skiiers walking up the hill through a forest.""]"
flickr30k_245,108899015.jpg,/workspace/Semana4/Proyecto/data/processed/flickr30k_hf/images/108899015.jpg,train,A lone skier is making their way up a mountain.,,"[""A lone skier is making their way up a mountain."", ""Skiiers at the top of a snow covered hill."", ""Two people are on a snow-covered mountain."", ""Two people climbing up a snowy mountain."", ""Two hikers climbing a snowy hill.""]"
flickr30k_246,1089059626.jpg,/workspace/Semana4/Proyecto/data/processed/flickr30k_hf/images/1089059626.jpg,test,An Asian man in spectacles and a t-shirt preparing some food.,,"[""An Asian man in spectacles and a t-shirt preparing some food."", ""A man working diligently while sitting at a table."", ""Man sitting using tool at a table in his home."", ""Indian man whittles in his own home."", ""A man is sharpening a knife.""]"
flickr30k_247,1089181217.jpg,/workspace/Semana4/Proyecto/data/processed/flickr30k_hf/images/1089181217.jpg,train,A light brown dog runs down a path happily.,,"[""A light brown dog runs down a path happily."", ""A brown dog running down a paved pathway"", ""A brown dog running next to grass."", ""A dog is running down a road."", ""Energetic brown dog running""]"
flickr30k_248,1089354362.jpg,/workspace/Semana4/Proyecto/data/processed/flickr30k_hf/images/1089354362.jpg,train,"A girl sitting on the steps of a building wearing a green short-sleeve shirt, blue jeans, flip-flops holding a cup and writing in a journal with her purse sitting at her feet.",,"[""A girl sitting on the steps of a building wearing a green short-sleeve shirt, blue jeans, flip-flops holding a cup and writing in a journal with her purse sitting at her feet."", ""A woman in a green shirt and jeans kneels on a stoop with coffee in hand, her purse beside her and a large door behind her, as she fills out paperwork."", ""A woman is sitting on the steps in front of a large black door, writing in a notebook."", ""A woman sitting down on steps, writing something down with a door behind her."", ""A girl holding a coffee cup is writing outside.""]"
flickr30k_249,108957912.jpg,/workspace/Semana4/Proyecto/data/processed/flickr30k_hf/images/108957912.jpg,train,People walk across a street as utility workers fix a light.,,"[""People walk across a street as utility workers fix a light."", ""Many people are crossing a street in a large city."", ""People are crossing a city street intersection."", ""Pedestrians cross the street at a red light."", ""People crossing a city street.""]"
flickr30k_250,108970557.jpg,/workspace/Semana4/Proyecto/data/processed/flickr30k_hf/images/108970557.jpg,train,Woman sitting in a red chair with a dressy purple dress on and a book sitting on the arm rest.,,"[""Woman sitting in a red chair with a dressy purple dress on and a book sitting on the arm rest."", ""A woman dressed in light purple and wearing a corsage clasps her hands in her lap."", ""A woman in lavender with short brown hair is sitting in a large chair."", ""The women is wearing formal clothing while sitting."", ""A short-haired woman is sitting down.""]"
flickr30k_251,1089755335.jpg,/workspace/Semana4/Proyecto/data/processed/flickr30k_hf/images/1089755335.jpg,train,A woman stands with children on a boardwalk at night overlooking the sea.,,"[""A woman stands with children on a boardwalk at night overlooking the sea."", ""Woman with three children fishing over boardwalk in the evening."", ""A woman and three children stand on a deck with a fishing pole."", ""Some people on a pier at night with one girl fishing off it."", ""A mother and children is fishing on a boardwalk at night.""]"
flickr30k_252,109083036.jpg,/workspace/Semana4/Proyecto/data/processed/flickr30k_hf/images/109083036.jpg,train,Six males playing a game in the sand with wooden paddles.,,"[""Six males playing a game in the sand with wooden paddles."", ""Group of young men playing cricket in a dirt field."", ""Six west Asian youth play cricket on a dirt pitch."", ""A crowd of boys play cricket in an open sand lot."", ""Children playing cricket in a dry desert area""]"
flickr30k_253,1091942526.jpg,/workspace/Semana4/Proyecto/data/processed/flickr30k_hf/images/1091942526.jpg,train,A woman is laughing as two small boys play around her and a small girl climbs up her back.,,"[""A woman is laughing as two small boys play around her and a small girl climbs up her back."", ""A girl laughs while holding an younger girl on her back and facing a small child."", ""A woman in a green tank top is surrounded by three children, laughing."", ""A young woman playing with children at a backyard party in the summer."", ""A woman playing with kids.""]"
flickr30k_254,10919429.jpg,/workspace/Semana4/Proyecto/data/processed/flickr30k_hf/images/10919429.jpg,train,A man in a black shirt and black jeans and a little boy are taking a look inside a green truck's engine while it is parked in a grass field with a gas tank in front of it.,,"[""A man in a black shirt and black jeans and a little boy are taking a look inside a green truck's engine while it is parked in a grass field with a gas tank in front of it."", ""A male in a black shirt, and black pants, working on the engine of an old, green antique automobile, with a yellow gas canister sitting on the grass."", ""A young man and a toddler look under the hood of an old-fashioned truck."", ""A man and children work on the engine of an old truck."", ""Man working on old truck while child watches.""]"
flickr30k_255,109202756.jpg,/workspace/Semana4/Proyecto/data/processed/flickr30k_hf/images/109202756.jpg,train,A woman dressed in a blue jacket and blue jeans rides a brown horse near a frozen lake and snow-covered mountain.,,"[""A woman dressed in a blue jacket and blue jeans rides a brown horse near a frozen lake and snow-covered mountain."", ""A young blond woman sitting atop a brown draft horse in the snowy mountains."", ""A woman rides a horse near a frozen lake in the winter time."", ""Woman n blue jacket sits on daft horse near a frozen lake."", ""A woman in a blue jacket rides a brown pony near water.""]"
flickr30k_256,109202801.jpg,/workspace/Semana4/Proyecto/data/processed/flickr30k_hf/images/109202801.jpg,train,Two golden brown horses pull a sleigh driven by a woman in a blue coat.,,"[""Two golden brown horses pull a sleigh driven by a woman in a blue coat."", ""Two horses pull a carriage driven by a woman over snow covered ground."", ""Two horses pulling a sled steered by a smiling blond woman."", ""Two draft horses pull a cart through the snow."", ""Two horses are pulling a woman in a cart.""]"
flickr30k_257,1092437557.jpg,/workspace/Semana4/Proyecto/data/processed/flickr30k_hf/images/1092437557.jpg,val,Woman is enjoying herself being outdoors biking in a forrest preserve.,,"[""Woman is enjoying herself being outdoors biking in a forrest preserve."", ""A girl in an orange tank top is walking her bike through the forrest."", ""A smiling woman in a peach tank top stands holding a mountain bike"", ""A happy teenage girl taking a break from her bike ride."", ""A girl smiles while holding her bike in a field.""]"
flickr30k_258,109260216.jpg,/workspace/Semana4/Proyecto/data/processed/flickr30k_hf/images/109260216.jpg,train,"A person climbs a tall, flat mountain while holding onto a safety rope.",,"[""A person climbs a tall, flat mountain while holding onto a safety rope."", ""A person is climbing a rock while holding onto a white rope."", ""A person climbing down a sheer rock cliff using a rope"", ""A person wearing a red vest climbs up a steep rock."", ""A person rappels down a steep incline.""]"
flickr30k_259,109260218.jpg,/workspace/Semana4/Proyecto/data/processed/flickr30k_hf/images/109260218.jpg,test,Spelunkers pose inside a rock cavern while bathed in sunlight from the surface.,,"[""Spelunkers pose inside a rock cavern while bathed in sunlight from the surface."", ""Shaft of light in a cave shows three spelunkers"", ""Three rock climbers are posing on big rocks."", ""People stand inside a rock dome."", ""Three people sit in a cave.""]"
flickr30k_260,1093716555.jpg,/workspace/Semana4/Proyecto/data/processed/flickr30k_hf/images/1093716555.jpg,train,A group of hikers are resting on the ground in front of some mountains.,,"[""A group of hikers are resting on the ground in front of some mountains."", ""Several hikers rest with their gear in front of a mountain."", ""The group of hikers is resting in front of a mountain."", ""People camp with the mountains in the background."", ""A group of backpackers lay on the dry ground.""]"
flickr30k_261,1093737381.jpg,/workspace/Semana4/Proyecto/data/processed/flickr30k_hf/images/1093737381.jpg,train,A woman wearing a blue dress is drawing a picture of a boy and a girl on the sidewalk with sidewalk chalk.,,"[""A woman wearing a blue dress is drawing a picture of a boy and a girl on the sidewalk with sidewalk chalk."", ""A woman in a blue dress stands with a chalk portrait of two children playing by a stream."", ""A woman stands next to a chalk drawing in front of a barn-like structure."", ""A woman stands outside near an elaborate chalk illustration."", ""A woman standing in front of a chalk drawing""]"
flickr30k_262,109380144.jpg,/workspace/Semana4/Proyecto/data/processed/flickr30k_hf/images/109380144.jpg,train,"Three young adults are sitting around, with the girl pretending to kick one of the guys in the face while laughing, and the guy behind him looks like he's in midsentence.",,"[""Three young adults are sitting around, with the girl pretending to kick one of the guys in the face while laughing, and the guy behind him looks like he's in midsentence."", ""A man wearing an Illinois t-shirt is looking at a camera while a girl is aiming her foot at his face and another man is making an odd face in the background."", ""A man sitting on the ground is playfully kicked by a young woman, while a man in the back observes."", ""A girl playfully kicks a guy in the face while another person makes faces."", ""A girl sitting down puts her shoe up to a guy's face.""]"
flickr30k_263,1093807815.jpg,/workspace/Semana4/Proyecto/data/processed/flickr30k_hf/images/1093807815.jpg,train,A group of African American children with their arms above their heads and happy expressions on their faces.,,"[""A group of African American children with their arms above their heads and happy expressions on their faces."", ""A group of African-American children have their hands up in the air singing or shouting in a classroom."", ""Many young dark complected children raising their arms in the air in excitement."", ""The children are singing and holding their arms in the air."", ""A group of kids in class with their hands in the air.""]"
flickr30k_264,1094283901.jpg,/workspace/Semana4/Proyecto/data/processed/flickr30k_hf/images/1094283901.jpg,train,A shirtless man jumping off a large concrete structure into a river with his friends watching from the structure.,,"[""A shirtless man jumping off a large concrete structure into a river with his friends watching from the structure."", ""A man wearing swimming trunks jumps off a concrete platform into a large body of water."", ""A shirtless man leaps into the water as other people watch."", ""A man is jumping off complex into a body of water."", ""A man jumping into the water.""]"
flickr30k_265,1094606832.jpg,/workspace/Semana4/Proyecto/data/processed/flickr30k_hf/images/1094606832.jpg,train,A young black person wearing a green shirt and a jacket using a sewing machine.,,"[""A young black person wearing a green shirt and a jacket using a sewing machine."", ""A woman wearing a brown headscarf works at a sewing machine."", ""Woman meticulously working with a sewing machine."", ""A black woman using a sowing machine."", ""Woman with a brown headscarf sewing.""]"
flickr30k_266,1094671386.jpg,/workspace/Semana4/Proyecto/data/processed/flickr30k_hf/images/1094671386.jpg,train,"An oriental woman with her fist raised in the air, other oriental people around her, and a black Moped beside her.",,"[""An oriental woman with her fist raised in the air, other oriental people around her, and a black Moped beside her."", ""A lady in a white t-shirt is looking toward the person with their arm raised in the air."", ""A woman wearing a white t-shirt has her right arm extended with her fist closed."", ""Asian girls in white t-shirts standing around a motorcycle."", ""Two young girls in a street.""]"
flickr30k_267,1095109931.jpg,/workspace/Semana4/Proyecto/data/processed/flickr30k_hf/images/1095109931.jpg,train,A woman smiles while holding several green peppers at a grocery stand.,,"[""A woman smiles while holding several green peppers at a grocery stand."", ""A young woman holds a red and green pepper at a vegetable stand."", ""A girl working at a farm market selling peppers."", ""A woman smiles as she holds some bell peppers."", ""Woman with a tank top buying green peppers.""]"
flickr30k_268,10951809.jpg,/workspace/Semana4/Proyecto/data/processed/flickr30k_hf/images/10951809.jpg,train,"An elderly woman with a cane sits in a large wooden chair next to a weaving loom, in a log cabin.",,"[""An elderly woman with a cane sits in a large wooden chair next to a weaving loom, in a log cabin."", ""The elderly woman is enjoying an afternoon on the porch with family."", ""An elderly women is sitting in a chair with a cane in her hand."", ""An old women with a cane sitting in her rocking chair."", ""An elderly woman with a can is sitting down.""]"
flickr30k_269,109544260.jpg,/workspace/Semana4/Proyecto/data/processed/flickr30k_hf/images/109544260.jpg,train,A little boy in a striped shirt and blue jeans is blowing bubbles from a red container.,,"[""A little boy in a striped shirt and blue jeans is blowing bubbles from a red container."", ""A young jean-clad boy is sitting on brown grass blowing bubbles out of a red container."", ""One young boy is sitting outside on a cool day blowing bubbles."", ""Young boy sitting down outside and blowing bubbles."", ""A boy has blown four bubbles on the lawn.""]"
flickr30k_270,1095476286.jpg,/workspace/Semana4/Proyecto/data/processed/flickr30k_hf/images/1095476286.jpg,train,A young boy is jumping through water being sprayed up from the ground.,,"[""A young boy is jumping through water being sprayed up from the ground."", ""A little boy playing in the water."", ""A boy plays in the fountains."", ""A child plays in a fountain."", ""A boy jumping in a fountain.""]"
flickr30k_271,1095580424.jpg,/workspace/Semana4/Proyecto/data/processed/flickr30k_hf/images/1095580424.jpg,train,The dog is running out of the tunnel on a dog obedience course.,,"[""The dog is running out of the tunnel on a dog obedience course."", ""The small brown and white dog is running out of a small tunnel."", ""Dog running out of tunnel on obstacle course"", ""A dog runs out of a tunnel on a course."", ""A Corgi runs out of a tunnel.""]"
flickr30k_272,1095590286.jpg,/workspace/Semana4/Proyecto/data/processed/flickr30k_hf/images/1095590286.jpg,train,A yellow dog and a black and white dog are running in the dirt.,,"[""A yellow dog and a black and white dog are running in the dirt."", ""A blond dog and a black and white dog run in a dirt field."", ""Two dogs are running in a field."", ""A dog chases another dog."", ""Two dogs running around""]"
flickr30k_273,10956999.jpg,/workspace/Semana4/Proyecto/data/processed/flickr30k_hf/images/10956999.jpg,train,Two men barbecuing on the grill with a little girl playing in background.,,"[""Two men barbecuing on the grill with a little girl playing in background."", ""There are two people grilling food near a body of water."", ""Two men stand behind a grill near the ocean."", ""Two men barbecuing at a beach."", ""Two men are grilling out.""]"
flickr30k_274,10957138.jpg,/workspace/Semana4/Proyecto/data/processed/flickr30k_hf/images/10957138.jpg,train,A girl in a floral bathing suit jumping on the beach in front of the waves.,,"[""A girl in a floral bathing suit jumping on the beach in front of the waves."", ""A little girl in a flower print bathing suit, jumping into the ocean."", ""A girl in a swimsuit is jumping high, near water."", ""A young girl is jumping in the air at the beach."", ""A girl jumping into the ocean.""]"
flickr30k_275,1095980313.jpg,/workspace/Semana4/Proyecto/data/processed/flickr30k_hf/images/1095980313.jpg,train,A little girl in a blue swimsuit is walking along a wooden fence next to a sandy beach.,,"[""A little girl in a blue swimsuit is walking along a wooden fence next to a sandy beach."", ""Little girl in blue swimsuit standing on a handrail near a beach."", ""The little girl in the blue bathing suit is posing at the beach."", ""A little girl with arms outstretched is posing at the beach."", ""A young girl walks on a railing in front of the beach.""]"
flickr30k_276,109608573.jpg,/workspace/Semana4/Proyecto/data/processed/flickr30k_hf/images/109608573.jpg,train,A man in a white shirt is outside leaning against a rail with hats hanging beside him.,,"[""A man in a white shirt is outside leaning against a rail with hats hanging beside him."", ""A man in a white t-shirt standing beside a rack of colorful hats."", ""A young Asian boy sits on a railing behind a row of colorful hats"", ""A man is standing next to a rack with hats hanging on it."", ""A young boy sits by an outdoor stand displaying hats.""]"
flickr30k_277,1096097967.jpg,/workspace/Semana4/Proyecto/data/processed/flickr30k_hf/images/1096097967.jpg,train,A black and white dog is being soaked with a jet of water in a blue paddling pool.,,"[""A black and white dog is being soaked with a jet of water in a blue paddling pool."", ""A dog sticking its face into the shower from a garden hose."", ""A black and white dog drinking water from a water spray."", ""A white and black dog is jumping into a pool."", ""A small white dog gets sprayed by water""]"
flickr30k_278,1096165011.jpg,/workspace/Semana4/Proyecto/data/processed/flickr30k_hf/images/1096165011.jpg,train,A smiling boy swims underwater in a pool.,,"[""A smiling boy swims underwater in a pool."", ""The boys smiles underwater at the pool."", ""A redheaded boy swimming underwater."", ""A small boy swimming underwater"", ""A boy smiles underwater.""]"
flickr30k_279,109656696.jpg,/workspace/Semana4/Proyecto/data/processed/flickr30k_hf/images/109656696.jpg,test,A girl in a polka dotted blue jean dress walks barefoot on a balance beam.,,"[""A girl in a polka dotted blue jean dress walks barefoot on a balance beam."", ""A girl in a jean dress is walking along a raised balance beam."", ""The little girl is walking a beam in gymnastics class."", ""A little girl balances on a gymnastics beam."", ""A little girl is walking on a balance beam.""]"
flickr30k_280,109671650.jpg,/workspace/Semana4/Proyecto/data/processed/flickr30k_hf/images/109671650.jpg,val,A boy wearing blue and yellow walking on a cliff edge.,,"[""A boy wearing blue and yellow walking on a cliff edge."", ""A boy in yellow shorts is standing on top of a cliff."", ""A young child is standing alone on some jagged rocks."", ""A little boy standing high in the air on a rock."", ""Child stands near edge of cliff.""]"
flickr30k_281,1096800382.jpg,/workspace/Semana4/Proyecto/data/processed/flickr30k_hf/images/1096800382.jpg,train,A man gestures while facing a woman wearing glasses as they sit inside a restaurant that includes a yellow wall.,,"[""A man gestures while facing a woman wearing glasses as they sit inside a restaurant that includes a yellow wall."", ""A man in a black shirt talking to a woman in a black shirt in a yellow room."", ""Two people having a discussion sitting in a restaurant."", ""A man and a woman are talking in a restaurant."", ""A couple having a conversation over drinks.""]"
flickr30k_282,109738763.jpg,/workspace/Semana4/Proyecto/data/processed/flickr30k_hf/images/109738763.jpg,val,A snowmobile rider flies through the air on his or her machine in front of tall pine trees.,,"[""A snowmobile rider flies through the air on his or her machine in front of tall pine trees."", ""Rider jumps snowmobile high in rural area."", ""A person on a snowmobile in mid jump."", ""A snowmobiler flies through the air."", ""The man is up in the air.""]"
flickr30k_283,109738916.jpg,/workspace/Semana4/Proyecto/data/processed/flickr30k_hf/images/109738916.jpg,train,Two helmeted men sit on yellow snowmobiles while another man stands behind watching.,,"[""Two helmeted men sit on yellow snowmobiles while another man stands behind watching."", ""People pose with helmets and goggles on while riding snowmobiles."", ""Several people are taking a break while on a snowmobiling ride."", ""People are riding around on snowmobiles."", ""Three people and two snowmobiles.""]"
flickr30k_284,109741554.jpg,/workspace/Semana4/Proyecto/data/processed/flickr30k_hf/images/109741554.jpg,train,A man shovels snow off of a roof while another stands in the contraption that allowed them to reach the high place.,,"[""A man shovels snow off of a roof while another stands in the contraption that allowed them to reach the high place."", ""Two men cleaning snow from a roof, one's in a lifter, while the other is actually on the roof."", ""A man shoveling snow off the roof of a building."", ""Two people working on removing snow from a roof."", ""Two men work to shovel snow from rooftops.""]"
flickr30k_285,1097463464.jpg,/workspace/Semana4/Proyecto/data/processed/flickr30k_hf/images/1097463464.jpg,train,"A young boy wearing a black shirt, brown pants and a black watch has his hand on a white folded chair which is on the top of a large stack of similar folding chairs.",,"[""A young boy wearing a black shirt, brown pants and a black watch has his hand on a white folded chair which is on the top of a large stack of similar folding chairs."", ""A young man wearing a black shirt takes a folding chair from a large stack."", ""A person helping to set up chairs for a big event."", ""A young man in a black shirt stacks chairs."", ""A boy is setting up folding chairs.""]"
flickr30k_286,109770830.jpg,/workspace/Semana4/Proyecto/data/processed/flickr30k_hf/images/109770830.jpg,train,Two buildings beyond a concrete wall facing a walkway with a woman talking on a cellphone.,,"[""Two buildings beyond a concrete wall facing a walkway with a woman talking on a cellphone."", ""A girl in a red winter coat walks down the city sidewalk as she speaks on the phone."", ""Two modern buildings made of glass and stone accent the setting."", ""A woman is walking at dusk down an urban street."", ""Someone walking along a wall.""]"
flickr30k_287,1097710887.jpg,/workspace/Semana4/Proyecto/data/processed/flickr30k_hf/images/1097710887.jpg,train,"A very young girl playing with a bubble-blowing wand, holding a bottle of bubble solution and walking through a park or field.",,"[""A very young girl playing with a bubble-blowing wand, holding a bottle of bubble solution and walking through a park or field."", ""A little girl with brown hair is blowing the petals off of a flower."", ""A small girl in a dress blows bubbles in a grassy field."", ""A little girl is blowing bubbles in a field."", ""A little girl blowing bubbles.""]"
flickr30k_288,109823394.jpg,/workspace/Semana4/Proyecto/data/processed/flickr30k_hf/images/109823394.jpg,train,Three people on ATVs in a brown field turn their heads to look at the camera.,,"[""Three people on ATVs in a brown field turn their heads to look at the camera."", ""Three people ride their four wheelers through the field."", ""Three people on four wheel ATV's in a field."", ""Three people on ATV's outside."", ""Three people drive ATVs.""]"
flickr30k_289,109823395.jpg,/workspace/Semana4/Proyecto/data/processed/flickr30k_hf/images/109823395.jpg,train,A person is riding an orange ATV in a large empty field.,,"[""A person is riding an orange ATV in a large empty field."", ""A man on a four wheeler is flying through the air."", ""A four wheeler jumping in an empty field."", ""Man jumping with all terrain vehicle"", ""Man on an ATV catching air!""]"
flickr30k_290,109823397.jpg,/workspace/Semana4/Proyecto/data/processed/flickr30k_hf/images/109823397.jpg,train,A person dressed in a tan jacket jumps a quad over a harvested cornfield in front of a small out building.,,"[""A person dressed in a tan jacket jumps a quad over a harvested cornfield in front of a small out building."", ""An ATV is airborne over a field in front of a white structure."", ""A man on a four-wheeler jumps near a small building."", ""A man jumps gin the air while riding an ATV"", ""Man on four wheeler in the air.""]"
flickr30k_291,1099034049.jpg,/workspace/Semana4/Proyecto/data/processed/flickr30k_hf/images/1099034049.jpg,train,A girl is sitting on the beach and appears to be approaching a hit on the head by a plastic inflated hammer.,,"[""A girl is sitting on the beach and appears to be approaching a hit on the head by a plastic inflated hammer."", ""A woman with dark hair wearing a bikini is sitting on a beach."", ""A young woman, sitting in the sand, has her eyes closed."", ""A woman on the beach getting hit with a blow up hammer."", ""A woman sitting on the beach closes her eyes.""]"
flickr30k_292,1099434461.jpg,/workspace/Semana4/Proyecto/data/processed/flickr30k_hf/images/1099434461.jpg,train,A man is cooking a square pancake : he lifts it with his fingers and a spatula to check to see if it is done.,,"[""A man is cooking a square pancake : he lifts it with his fingers and a spatula to check to see if it is done."", ""There is a pancake pan cooking a pancake and a man is rolling it over on its opposite side with a spatula."", ""A man's hand is shown helping a spatula to flip a pancake from a square frying pan in a messy kitchen."", ""Two hands are flipping some food in a cast iron pan, with a spatula."", ""A man makes a perfect, golden crepe.""]"
flickr30k_293,109982467.jpg,/workspace/Semana4/Proyecto/data/processed/flickr30k_hf/images/109982467.jpg,val,A mother and three children collecting garbage from a blue and white garbage can on the street.,,"[""A mother and three children collecting garbage from a blue and white garbage can on the street."", ""A woman and three children are picking something out of a blue trashcan."", ""Three young children stand around a blue and white barrel."", ""Four children are standing around a blue and white barrel."", ""A group of children look into a barrel.""]"
flickr30k_294,1100708949.jpg,/workspace/Semana4/Proyecto/data/processed/flickr30k_hf/images/1100708949.jpg,train,"Two women hugging in a grassy, fenced field with a cow's behind in the background.",,"[""Two women hugging in a grassy, fenced field with a cow's behind in the background."", ""Two women are hugging on a path through a grassy area with a cow visible past them."", ""Two sisters hugging while visiting a Farm and looking into the camera."", ""Two girls are hugging in front of a tree and a hill."", ""Two people hugging with cow in background at farm.""]"
flickr30k_295,1101207553.jpg,/workspace/Semana4/Proyecto/data/processed/flickr30k_hf/images/1101207553.jpg,train,There are two men in orange life vests signaling to a cruise ship docking at a pier.,,"[""There are two men in orange life vests signaling to a cruise ship docking at a pier."", ""Two dock workers and small boat guiding a cruise ship to place to tie up on dock."", ""Two men in orange and blue safety gear stand on the dock guiding a boat inward."", ""A large ship approaching the dock with two men awaiting its arrival."", ""Stevedores are waiting for a boat to dock.""]"
flickr30k_296,1101291373.jpg,/workspace/Semana4/Proyecto/data/processed/flickr30k_hf/images/1101291373.jpg,train,A man in sandals and white cardigan sits on a green bench while talking on his cellphone.,,"[""A man in sandals and white cardigan sits on a green bench while talking on his cellphone."", ""A man with blue pants and a white shirt sitting on a bench talking on a cellphone."", ""A bald man in flip-flops sits on a green bench and talks on a cellphone."", ""A man sitting on a green bench talking on the telephone."", ""A man on a green bench is talking on his cellphone.""]"
flickr30k_297,1101923011.jpg,/workspace/Semana4/Proyecto/data/processed/flickr30k_hf/images/1101923011.jpg,train,A man wearing a white tank top sings into a microphones on a stage with a crowd watching.,,"[""A man wearing a white tank top sings into a microphones on a stage with a crowd watching."", ""A man with a microphone is singing to people."", ""A man on stage singing into a microphone."", ""A singer on a stage with a white shirt."", ""A singer on stage singing to fans.""]"
flickr30k_298,110201971.jpg,/workspace/Semana4/Proyecto/data/processed/flickr30k_hf/images/110201971.jpg,train,Three men are riding on an elephant with a shack in the background and two of them are wearing hats.,,"[""Three men are riding on an elephant with a shack in the background and two of them are wearing hats."", ""Three guys riding on an elephant with a house-like structures and trees in the background."", ""Three young men are riding an elephant, sitting in what's called a howdah."", ""Three men seated on an elephant in a small village."", ""Two men and a shirtless boy are on an elephant.""]"
flickr30k_299,110226481.jpg,/workspace/Semana4/Proyecto/data/processed/flickr30k_hf/images/110226481.jpg,train,A man in a gray camouflage shirt and gray pants sits under the hood of a blue truck.,,"[""A man in a gray camouflage shirt and gray pants sits under the hood of a blue truck."", ""A man performing auto repair in front of a building."", ""A man crouches under a truck hood's shade to fix it."", ""A man sits in the under the hood of a blue truck."", ""A mexican man sits under the hood of his truck.""]"
flickr30k_300,11026590.jpg,/workspace/Semana4/Proyecto/data/processed/flickr30k_hf/images/11026590.jpg,train,"A young boy, wearing goggles and a heads-up light, and a young girl, are smiling.",,"[""A young boy, wearing goggles and a heads-up light, and a young girl, are smiling."", ""A boy in yellow glasses and red-haired girl pose for the camera."", ""Two kids, one wearing glasses and a headlamp, are smiling."", ""A boy in goggles plays with a read-haired girl."", ""A crowd of people outside.""]"
flickr30k_301,110269384.jpg,/workspace/Semana4/Proyecto/data/processed/flickr30k_hf/images/110269384.jpg,val,A dark-haired woman in a green and white apron sits amid her outdoor display of flowers for sale on a city street.,,"[""A dark-haired woman in a green and white apron sits amid her outdoor display of flowers for sale on a city street."", ""A woman is sitting by her dried flower display at an outside market."", ""A woman sells flowers and incense at the market."", ""A lady is sitting down tending to her stand."", ""A woman in an apron shopping at a market.""]"
flickr30k_302,1102763701.jpg,/workspace/Semana4/Proyecto/data/processed/flickr30k_hf/images/1102763701.jpg,train,Young individuals in uniforms are gathering under the flags of several different countries.,,"[""Young individuals in uniforms are gathering under the flags of several different countries."", ""A crowd of scouts where there are flags of many nations being held."", ""A group of people gather and holding different types of flags."", ""A group of people are gathered at some type of outdoor event."", ""A reunion of boy scouts from all over the world.""]"
flickr30k_303,11034843.jpg,/workspace/Semana4/Proyecto/data/processed/flickr30k_hf/images/11034843.jpg,train,A baby is crying while holding on to the side of a crib.,,"[""A baby is crying while holding on to the side of a crib."", ""A white baby boy crying over a tipped over toy."", ""Crying baby in a blue shirt and white pants."", ""A baby with blond-hair crying or yelling."", ""A toddler in a blue shirt is crying.""]"
flickr30k_304,1104087374.jpg,/workspace/Semana4/Proyecto/data/processed/flickr30k_hf/images/1104087374.jpg,test,"A couple is sitting on the sand with their feet in the water, and they are shaking hands.",,"[""A couple is sitting on the sand with their feet in the water, and they are shaking hands."", ""A man and woman wearing sunglasses sit halfway in the water."", ""A boy and a girl holding hands while sitting on a shore."", ""A couple with sunglasses are laying on the beach."", ""A blond holding hands with a guy in the sand.""]"
flickr30k_305,1104133405.jpg,/workspace/Semana4/Proyecto/data/processed/flickr30k_hf/images/1104133405.jpg,train,A boy wearing a white t-shirt walks on the grass and carries a soccer ball.,,"[""A boy wearing a white t-shirt walks on the grass and carries a soccer ball."", ""A boy walks with a ball tucked under his arm."", ""A boy walks with a soccer ball near a fence."", ""Small boy carries a soccer ball on a field."", ""A boy carrying a soccer ball.""]"
flickr30k_306,1104881373.jpg,/workspace/Semana4/Proyecto/data/processed/flickr30k_hf/images/1104881373.jpg,train,A woman is at an ice cream shop and she is waiting for the man to scoop her ice cream.,,"[""A woman is at an ice cream shop and she is waiting for the man to scoop her ice cream."", ""A woman is awaiting her ice cream as a young teenage boy scoops it."", ""A woman is watching as a guy is scooping ice cream from a freezer."", ""A man scoops out ice cream for a female customer in a cafe."", ""A woman watches as a young man scoops ice cream for her.""]"
flickr30k_307,1105137588.jpg,/workspace/Semana4/Proyecto/data/processed/flickr30k_hf/images/1105137588.jpg,train,A man is eating alone at a table near another table where a man and woman are seated.,,"[""A man is eating alone at a table near another table where a man and woman are seated."", ""Asians are sitting at a table and eating beside a green and white wall."", ""People sit down on stools to enjoy a quick bite to eat."", ""A group of people are sitting on stools eating some food"", ""The people are eating by a teal colored wall.""]"
flickr30k_308,110590591.jpg,/workspace/Semana4/Proyecto/data/processed/flickr30k_hf/images/110590591.jpg,train,"People are standing around an American flag that is spread out, facing the wrong direction.",,"[""People are standing around an American flag that is spread out, facing the wrong direction."", ""Four people are holding an american flag in the middle of a bunch of people."", ""A parade of people walk the street carrying the American flag."", ""A group of people spread out an American flag for all to see."", ""A group of people surrounding the American flag.""]"
flickr30k_309,1105959054.jpg,/workspace/Semana4/Proyecto/data/processed/flickr30k_hf/images/1105959054.jpg,train,A young girl with braids is painting with water colors on a white paper on the wall.,,"[""A young girl with braids is painting with water colors on a white paper on the wall."", ""The child paints on a large paper with water colors."", ""An artist paints clouds onto a canvas."", ""A young girl painting a picture."", ""A child painting a picture.""]"
flickr30k_310,110595925.jpg,/workspace/Semana4/Proyecto/data/processed/flickr30k_hf/images/110595925.jpg,train,A man in aerodynamic gear riding a bicycle down a road around a sharp curve.,,"[""A man in aerodynamic gear riding a bicycle down a road around a sharp curve."", ""Man bicycle up a road, while cows graze on a hill nearby."", ""A cyclist is riding a bicycle on a curved road up a hill."", ""The biker is riding around a curve in the road."", ""A man on a mountain bike is pedaling up a hill.""]"
flickr30k_311,110600869.jpg,/workspace/Semana4/Proyecto/data/processed/flickr30k_hf/images/110600869.jpg,train,A little girl in a blue jeans vest is running across the grass and laughing.,,"[""A little girl in a blue jeans vest is running across the grass and laughing."", ""A little girl with a blue jean jacket smiling while running in a field."", ""A little girl with a jean jacket on is running and laughing."", ""A little girl in a denim jacket running through a field."", ""A little girl is running on the grass and smiling.""]"
flickr30k_312,110613709.jpg,/workspace/Semana4/Proyecto/data/processed/flickr30k_hf/images/110613709.jpg,train,A gray and black-haired male is holding his glasses in one hand while looking at something in the other hand; surrounded by numerous amounts of machines.,,"[""A gray and black-haired male is holding his glasses in one hand while looking at something in the other hand; surrounded by numerous amounts of machines."", ""Man in blue shirt and black pants is looking at his thumb on one hand while holding glasses in his other hand."", ""A man in a blue button-up is standing in a room, holding his glasses."", ""Some elements are too small to visualize without a microscope."", ""A man in a laboratory is examining something.""]"
flickr30k_313,110615445.jpg,/workspace/Semana4/Proyecto/data/processed/flickr30k_hf/images/110615445.jpg,train,A couple show their affection on an escalator by embracing and kissing one another.,,"[""A couple show their affection on an escalator by embracing and kissing one another."", ""A black-haired man and woman, probably a couple, are kissing on an escalator."", ""Two people, a balding man and a woman, are kissing on an escalator."", ""A couple kissing while going up the escalator."", ""A couple kissing on an escalator.""]"
flickr30k_314,110637863.jpg,/workspace/Semana4/Proyecto/data/processed/flickr30k_hf/images/110637863.jpg,train,"A rugby game being played, one man in a green jersey is being lifted up by his teammates with the ball, while a competitor in a red jersey is similarly lifted to tackle him.",,"[""A rugby game being played, one man in a green jersey is being lifted up by his teammates with the ball, while a competitor in a red jersey is similarly lifted to tackle him."", ""A soccer player in a green uniform with a ball in is hands is being held up by some of his teammates, while an opposing player in red reaches for the ball."", ""The green team lifts a player up in victory after a hard game, but will the red team interfere?"", ""A soccer player in green is held high above his teammates and opponents in red."", ""Rugby player lifted to attempt a score against a red team defending.""]"
flickr30k_315,110647073.jpg,/workspace/Semana4/Proyecto/data/processed/flickr30k_hf/images/110647073.jpg,train,"Two men pushing wheelbarrows, two men looking at them, they are in the desert near some block construction buildings.",,"[""Two men pushing wheelbarrows, two men looking at them, they are in the desert near some block construction buildings."", ""A group of workers in the desert, two with wheel barrels and two just standing around."", ""Men are constructing a wall in the desert."", ""Men pushing wheelbarrows in the desert."", ""The men are working in the hot sun.""]"
flickr30k_316,1106644976.jpg,/workspace/Semana4/Proyecto/data/processed/flickr30k_hf/images/1106644976.jpg,train,A young group of friends adorned with face paint and feathered headbands sit on a bench.,,"[""A young group of friends adorned with face paint and feathered headbands sit on a bench."", ""Teens dressed as Native Americans sit in the park with their school bags on the ground."", ""Five young women sitting on a green bench wearing headbands with feathers in them."", ""Five young girls with backpacks sitting on a green park bench."", ""Five young girls wearing headbands sitting on park bench""]"
flickr30k_317,110671345.jpg,/workspace/Semana4/Proyecto/data/processed/flickr30k_hf/images/110671345.jpg,train,A woman is surprised to have her picture taken on this fall day outside Spaulding's women's store.,,"[""A woman is surprised to have her picture taken on this fall day outside Spaulding's women's store."", ""A young woman in jeans and a gray sweater walks on the sidewalk in a shopping district."", ""A woman posing for a picture while shopping."", ""Woman in front of clothing store."", ""The lady has a black sling bag.""]"
flickr30k_318,110671448.jpg,/workspace/Semana4/Proyecto/data/processed/flickr30k_hf/images/110671448.jpg,test,"A woman standing with 3 other people in a store with two tables, some shelves with coffee and tea for sale, and a refrigerated drink case.",,"[""A woman standing with 3 other people in a store with two tables, some shelves with coffee and tea for sale, and a refrigerated drink case."", ""A woman in a gray sweater and black baseball cap is standing in line at a shop."", ""A woman in a hat waits to be served at a store."", ""Young people are standing in the store."", ""A woman in a cap at a coffee shop.""]"
flickr30k_319,110695011.jpg,/workspace/Semana4/Proyecto/data/processed/flickr30k_hf/images/110695011.jpg,train,"A man wearing a black jacket and gray slacks, stands on the sidewalk holding a sheet with something printed on it in his hand.",,"[""A man wearing a black jacket and gray slacks, stands on the sidewalk holding a sheet with something printed on it in his hand."", ""A man in a black jacket is standing with a group of people behind him."", ""A man in a black jacket is selling lottery tickets in the sidewalk."", ""Street vendors sell their wares to tourists."", ""Man stands holding a paper in a city.""]"
flickr30k_320,1107246521.jpg,/workspace/Semana4/Proyecto/data/processed/flickr30k_hf/images/1107246521.jpg,train,A black dog playing fetch with a ball of rope.,,"[""A black dog playing fetch with a ball of rope."", ""A large black dog is playing in a grassy yard."", ""A black dog running after his rope toy."", ""A black dog jumping to catch a rope toy"", ""A black dog pounces to get a rope toy.""]"
flickr30k_321,1107471216.jpg,/workspace/Semana4/Proyecto/data/processed/flickr30k_hf/images/1107471216.jpg,train,A young girl is looking through an old fashioned video camera.,,"[""A young girl is looking through an old fashioned video camera."", ""A little girl is holding a cine camera in front of her face."", ""Girl with rosy cheeks and lips holding black toy gun."", ""A young girl steadies her aim with a camera"", ""There is a kid with a gun.""]"
flickr30k_322,1107507919.jpg,/workspace/Semana4/Proyecto/data/processed/flickr30k_hf/images/1107507919.jpg,val,"There is a woman and man wearing orange shirts, playing instruments with sheet paper in front of them.",,"[""There is a woman and man wearing orange shirts, playing instruments with sheet paper in front of them."", ""A cello player is playing during a concert."", ""A woman in a red shirt playing the cello."", ""A female playing a song on her violin."", ""A woman in a red shirt plays a cello.""]"
flickr30k_323,1107716222.jpg,/workspace/Semana4/Proyecto/data/processed/flickr30k_hf/images/1107716222.jpg,train,A woman scantily dressed in handsome homemade-looking clothing sits on a wooden step and reads Brazilian author Coelho.,,"[""A woman scantily dressed in handsome homemade-looking clothing sits on a wooden step and reads Brazilian author Coelho."", ""A woman wearing a scarf and reading a thin book reclines on a wooden structure."", ""A woman wearing a red beaded necklace sits on a wooden deck while reading."", ""Girl in odd clothes reading a brochure while sitting on a wooden porch."", ""A woman in a black head piece, sitting down and reading.""]"
flickr30k_324,11079715.jpg,/workspace/Semana4/Proyecto/data/processed/flickr30k_hf/images/11079715.jpg,train,A musician plays his electric guitar surrounded by sound equipment.,,"[""A musician plays his electric guitar surrounded by sound equipment."", ""A man wearing purple clothing is playing a guitar on a stage."", ""A musician is posing while playing an odd-shaped guitar."", ""A man dressed in a funky outfit is playing guitar."", ""A black-haired man plays a guitar.""]"
flickr30k_325,110802332.jpg,/workspace/Semana4/Proyecto/data/processed/flickr30k_hf/images/110802332.jpg,train,Two hockey teams are shown at the goal where the white team is stopping a goal being made by the blue team.,,"[""Two hockey teams are shown at the goal where the white team is stopping a goal being made by the blue team."", ""A hockey game is being played and a hockey player named \""David\"" is trying to score against the goalie."", ""An ice hockey goalie is trying to protect the net from players scoring a goal."", ""A hockey player attempting to score against a goalie as a defenceman watches."", ""A hockey goalie is trying to prevent a goal from the opposing team.""]"
flickr30k_326,110964272.jpg,/workspace/Semana4/Proyecto/data/processed/flickr30k_hf/images/110964272.jpg,train,A small child and an adult walk on the beach in front of ocean waves.,,"[""A small child and an adult walk on the beach in front of ocean waves."", ""An adult and a child walk along the beach during the day."", ""An adult and child walking along the beach on the sand."", ""A woman and a child are walking on a beach."", ""A man and a child walking down a beach.""]"
flickr30k_327,110983128.jpg,/workspace/Semana4/Proyecto/data/processed/flickr30k_hf/images/110983128.jpg,train,"Grocery store employee, dressed in a red apron &amp; a baseball cap, sits on a ledge in front of the store.",,"[""Grocery store employee, dressed in a red apron &amp; a baseball cap, sits on a ledge in front of the store."", ""An elderly man in a white shirt and red apron sits outside a store."", ""A man in a red apron wearing a baseball cap is sitting on a step."", ""Butcher waiting outside the store."", ""A man in an apron sits on a curb.""]"
flickr30k_328,1110208841.jpg,/workspace/Semana4/Proyecto/data/processed/flickr30k_hf/images/1110208841.jpg,train,A brown and white dog catches a Frisbee in it mouth in front of a group of people.,,"[""A brown and white dog catches a Frisbee in it mouth in front of a group of people."", ""A brown and white dog jumping up to catch a Frisbee while an audience watches."", ""A black and white Border Collie catches a Frisbee in front of an audience."", ""An agile dog catches a Frisbee while a crowd of onlookers watches closely."", ""A dog jumps to catch a Frisbee, while many people watch.""]"
flickr30k_329,111061041.jpg,/workspace/Semana4/Proyecto/data/processed/flickr30k_hf/images/111061041.jpg,train,Two men in a tennis court in a city are standing on either side of the net talking to each other.,,"[""Two men in a tennis court in a city are standing on either side of the net talking to each other."", ""Man in black hat teaching another man tennis on a fenced in tennis court."", ""Two male tennis players conversing across the net on an outdoor court"", ""Two tennis players are talking on the tennis courts."", ""Two men playing tennis behind a fence.""]"
flickr30k_330,111069375.jpg,/workspace/Semana4/Proyecto/data/processed/flickr30k_hf/images/111069375.jpg,train,Two jugglers using flaming torches are performing for a crowd of people who are sitting on steps.,,"[""Two jugglers using flaming torches are performing for a crowd of people who are sitting on steps."", ""A man and a woman are performing with fire in front of a crowd in an urban concrete park."", ""A male and female fire performer, work their craft in front of an audience."", ""Street performers being watched by an interested crowd."", ""Two people performing tricks with fire for a crowd.""]"
flickr30k_331,111201721.jpg,/workspace/Semana4/Proyecto/data/processed/flickr30k_hf/images/111201721.jpg,train,"A young boy in a yellow shirt is jumping in a grassy area with a younger boy, in a white shirt, standing behind him.",,"[""A young boy in a yellow shirt is jumping in a grassy area with a younger boy, in a white shirt, standing behind him."", ""A young boy in a white shirt is following his brother outside."", ""Two young children are walking through a wooded area."", ""Two children running with no shoes on."", ""Two young children playing outside.""]"
flickr30k_332,1112212364.jpg,/workspace/Semana4/Proyecto/data/processed/flickr30k_hf/images/1112212364.jpg,train,A toddler sitting on a pile of rocks holding a rock at a beach.,,"[""A toddler sitting on a pile of rocks holding a rock at a beach."", ""A baby is sitting on and playing with smooth rocks."", ""A baby is stacking rocks on the beach."", ""A small boy is playing with rocks"", ""Toddler sits on a pile of rocks.""]"
flickr30k_333,1112334131.jpg,/workspace/Semana4/Proyecto/data/processed/flickr30k_hf/images/1112334131.jpg,train,A kid wearing a Gap hat looks into the camera with a funny face and ice cream cone in his hand while a woman looks on from behind him.,,"[""A kid wearing a Gap hat looks into the camera with a funny face and ice cream cone in his hand while a woman looks on from behind him."", ""A woman sits with a boy in an orange hat with a cookie in his hand as he makes a funny face."", ""A lady and a boy who is having ice cream are sitting together."", ""A child finishing an ice cream cone mugs for the camera."", ""A boy in a Gap hat is making a silly face.""]"
flickr30k_334,111285749.jpg,/workspace/Semana4/Proyecto/data/processed/flickr30k_hf/images/111285749.jpg,train,"Five men, one wearing a white shirt standing on something, hanging up a picture of a child.",,"[""Five men, one wearing a white shirt standing on something, hanging up a picture of a child."", ""A person is hanging up pictures of women with a few onlookers watching surrounded by bikes."", ""A man in a white shirt hangs a painting in a run down store while other men watch."", ""There are four Eastern guys working on and hanging pictures of humans."", ""A man is putting up a poster in front of a shop.""]"
flickr30k_335,11131022.jpg,/workspace/Semana4/Proyecto/data/processed/flickr30k_hf/images/11131022.jpg,train,"Older man in a hat, yellow shirt and dress slacks playing in the sand with a young boy.",,"[""Older man in a hat, yellow shirt and dress slacks playing in the sand with a young boy."", ""A man wearing a hat and a small boy in a bathing suit playing in the sand."", ""An older person and a small boy play in the sand near the water."", ""A person in a hat is playing with a boy on a beach."", ""A father is playing with his child in the sand.""]"
flickr30k_336,1113186657.jpg,/workspace/Semana4/Proyecto/data/processed/flickr30k_hf/images/1113186657.jpg,train,A blond child is wearing blue goggles and a green Speedo tank top while swimming underwater.,,"[""A blond child is wearing blue goggles and a green Speedo tank top while swimming underwater."", ""A girl in a green Speedo top and blue goggles holds her breath underwater."", ""A boy underwater with someone helping him to swim"", ""A child swimming underneath the water."", ""A child is swimming with goggles on.""]"
flickr30k_337,111390902.jpg,/workspace/Semana4/Proyecto/data/processed/flickr30k_hf/images/111390902.jpg,train,Two Asian men are riding on a motorcycle in the midst of a crowd full of other motorcycle riders.,,"[""Two Asian men are riding on a motorcycle in the midst of a crowd full of other motorcycle riders."", ""Three young men, two riding a motorbike on a busy street, looking at something and smiling."", ""Three oriental men are riding on a red moped scooter in the city with many people."", ""A group of motorcyclist are ridding through the streets."", ""Boys on a motor-scooter riding down a busy urban street.""]"
flickr30k_338,111413806.jpg,/workspace/Semana4/Proyecto/data/processed/flickr30k_hf/images/111413806.jpg,train,A man and two women are playing a board game at a wooden table while drinking alcohol.,,"[""A man and two women are playing a board game at a wooden table while drinking alcohol."", ""Three people around a table playing a board game and drinking beer."", ""Two ladies and a man playing a card game and drinking beer."", ""Three people are sitting around a table playing a game."", ""A group of people playing a board game.""]"
flickr30k_339,111419142.jpg,/workspace/Semana4/Proyecto/data/processed/flickr30k_hf/images/111419142.jpg,train,Several young people are standing around drinking beverages at some kind of outdoors gathering with food.,,"[""Several young people are standing around drinking beverages at some kind of outdoors gathering with food."", ""There are many people wearing either jackets or layers drinking beer or diet Coke."", ""A group of people wearing warm clothes are having a party outside."", ""People enjoy a gathering with Pabst Blue Ribbon and Diet Coke."", ""A gathering of people drinking beer and talking""]"
flickr30k_340,111497985.jpg,/workspace/Semana4/Proyecto/data/processed/flickr30k_hf/images/111497985.jpg,test,The person has a striped shirt on and is holding on to a rope on a mountain.,,"[""The person has a striped shirt on and is holding on to a rope on a mountain."", ""A kid rock climbing against the backdrop of a green valley"", ""The person in the striped shirt is mountain climbing."", ""A woman in a striped shirt climbs up a mountain."", ""A young man climbs a rocky hill.""]"
flickr30k_341,111537217.jpg,/workspace/Semana4/Proyecto/data/processed/flickr30k_hf/images/111537217.jpg,train,The young man with the white t-shirt and jeans is rappeling up the rock wall.,,"[""The young man with the white t-shirt and jeans is rappeling up the rock wall."", ""Man with red shoes, white shirt and gray pants climbing."", ""A man climbing the side of a cliff."", ""A man climbing a rock wall"", ""A man is rock climbing.""]"
flickr30k_342,111537222.jpg,/workspace/Semana4/Proyecto/data/processed/flickr30k_hf/images/111537222.jpg,train,A climber wearing a blue helmet and headlamp is attached to a rope on the rock face.,,"[""A climber wearing a blue helmet and headlamp is attached to a rope on the rock face."", ""Person with blue helmet and purple pants is rock climbing."", ""A woman in purple snakeskin pants climbs a rock."", ""A rock climber climbs a large rock."", ""A man climbs a rocky wall.""]"
flickr30k_343,1115565519.jpg,/workspace/Semana4/Proyecto/data/processed/flickr30k_hf/images/1115565519.jpg,train,The little girl is playing with a toy in a public fountain.,,"[""The little girl is playing with a toy in a public fountain."", ""A little girl playing in water on a frog sculpture."", ""A child playing with a fountain at the beach."", ""A girl looks at a fountain that sprays water."", ""A child plays with a fountain.""]"
flickr30k_344,1115679311.jpg,/workspace/Semana4/Proyecto/data/processed/flickr30k_hf/images/1115679311.jpg,train,A black dog runs along the beach and jumps over a wood barrior.,,"[""A black dog runs along the beach and jumps over a wood barrior."", ""A dog jumping over a small wall at a beach near the water."", ""A black dog is jumping over a log along a beach."", ""An animal is running on the beach."", ""A dog is running on the beach.""]"
flickr30k_345,111671162.jpg,/workspace/Semana4/Proyecto/data/processed/flickr30k_hf/images/111671162.jpg,train,People are eating in a cafeteria with a wood beam and glass ceiling.,,"[""People are eating in a cafeteria with a wood beam and glass ceiling."", ""People sitting in a restaurant eating and one is reading the paper."", ""A restaurant filled with chairs and consumers."", ""People sitting and eating inside a diner."", ""Lots of people eating in a restaurant.""]"
flickr30k_346,111737806.jpg,/workspace/Semana4/Proyecto/data/processed/flickr30k_hf/images/111737806.jpg,train,A woman is standing in a rough hewn structure with a round opening with her head sticking out above the opening.,,"[""A woman is standing in a rough hewn structure with a round opening with her head sticking out above the opening."", ""A girl in a white t-shirt and red shorts is looking out of an underground passage."", ""A girl in red short and a white T-shirt underground looking out of a hole."", ""A girl wearing a red short and a white shirt looking through a hole."", ""A woman inside a drain, looking out.""]"
flickr30k_347,111766423.jpg,/workspace/Semana4/Proyecto/data/processed/flickr30k_hf/images/111766423.jpg,train,Black and white bird standing on hand of someone holding sunflower seeds,,"[""Black and white bird standing on hand of someone holding sunflower seeds"", ""The small bird is clinging to a finger of the hand holding the seeds."", ""A black and white bird eating seeds out of someone's hand"", ""A small bird sits in a person's hand and eats seeds."", ""A black and white bird standing on a hand.""]"
flickr30k_348,111796099.jpg,/workspace/Semana4/Proyecto/data/processed/flickr30k_hf/images/111796099.jpg,train,The ball boys are waiting on the side lines of the tennis court while they watch the lady hitting the ball.,,"[""The ball boys are waiting on the side lines of the tennis court while they watch the lady hitting the ball."", ""A tennis match is in progress with ball chasers on the sidelines with an audience in the background."", ""A game of tennis is shown with one of the female players about to hit the ball."", ""A woman in a white shirt and pink skirt is about to hit a tennis ball."", ""Two boys are ready to receive a ball at a tennis match.""]"
flickr30k_349,1117972841.jpg,/workspace/Semana4/Proyecto/data/processed/flickr30k_hf/images/1117972841.jpg,train,A brown dog is running in the sand.,,"[""A brown dog is running in the sand."", ""A brown dog playing in the sand."", ""A dog running fast in the sand."", ""A brown dog plays at the beach."", ""A dog is standing in the sand.""]"
flickr30k_350,111811048.jpg,/workspace/Semana4/Proyecto/data/processed/flickr30k_hf/images/111811048.jpg,train,A man is crossing the street and in the distance you can see a building under construction.,,"[""A man is crossing the street and in the distance you can see a building under construction."", ""This is a man standing on a rooftop with construction in the background."", ""A man is standing on top of a tall building that overlooks the city."", ""A man walks across the field of view in front of a cityscape."", ""A man with a hat walks along train tracks.""]"
flickr30k_351,1118168796.jpg,/workspace/Semana4/Proyecto/data/processed/flickr30k_hf/images/1118168796.jpg,train,"One gu, wearing blue gloves and a brown vest, with a large camera pointed toward a Conquest trailer with a solar cell at his feet.",,"[""One gu, wearing blue gloves and a brown vest, with a large camera pointed toward a Conquest trailer with a solar cell at his feet."", ""A man looks through a large camera-like device in a field near a camper and some parked vehicles."", ""There is a man in black standing near vehicles and a camper, setting up video equipment."", ""A man under the black hood of a camera, standing close to vehicles and an RV."", ""A man looking through telescope at a trailer park.""]"
flickr30k_352,1118557877.jpg,/workspace/Semana4/Proyecto/data/processed/flickr30k_hf/images/1118557877.jpg,train,A small child wades through the water while being guided by another person.,,"[""A small child wades through the water while being guided by another person."", ""A young boy wearing a colorful bathing suit splashing in the ocean"", ""A young boy laughs while splashing in the ocean."", ""A young child splashing in water."", ""A little boy stands in the surf.""]"
flickr30k_353,1118752484.jpg,/workspace/Semana4/Proyecto/data/processed/flickr30k_hf/images/1118752484.jpg,train,Multiple people walking on the pavement with a fence in the background all under the sky with clouds.,,"[""Multiple people walking on the pavement with a fence in the background all under the sky with clouds."", ""A woman in Muslim attire is walking with a young boy down the street."", ""Several people walking across a bridge in both directions."", ""People are walking in front of a fenced area."", ""Woman in a red sari walks down the street.""]"
flickr30k_354,1119015538.jpg,/workspace/Semana4/Proyecto/data/processed/flickr30k_hf/images/1119015538.jpg,train,A little tan dog with large ears running through the grass.,,"[""A little tan dog with large ears running through the grass."", ""This is a small beige dog running through a grassy field"", ""A small dogs ears stick up as it runs in the grass."", ""A playful dog is running through the grass."", ""The small dog is running across the lawn.""]"
flickr30k_355,1119034454.jpg,/workspace/Semana4/Proyecto/data/processed/flickr30k_hf/images/1119034454.jpg,train,A woman is jogging on a sidewalk next to an elevated grassy platform.,,"[""A woman is jogging on a sidewalk next to an elevated grassy platform."", ""A young woman in jogging suit running along the bank of a river."", ""A jogger passes under an outstretched tree branch."", ""A woman in a tight fitting outfit is running."", ""A woman running along a river along a path.""]"
flickr30k_356,111908743.jpg,/workspace/Semana4/Proyecto/data/processed/flickr30k_hf/images/111908743.jpg,train,A man in red pants balancing on a blue object with his hands,,"[""A man in red pants balancing on a blue object with his hands"", ""A man wearing red pants is balancing on a blue sculpture."", ""A man is raised up on his hands on a blue platform."", ""A man in red pants jumping on a park table."", ""An athlete leaping over an obstacle.""]"
flickr30k_357,1119418776.jpg,/workspace/Semana4/Proyecto/data/processed/flickr30k_hf/images/1119418776.jpg,train,"A brown, black and white dog is running through a large field with its mouth open.",,"[""A brown, black and white dog is running through a large field with its mouth open."", ""A dog with its mouth open running through a field torwards the camera."", ""A black, brown and white dog running through a field."", ""A black and white dog is running through the field."", ""A dog running in a field.""]"
flickr30k_358,1119463452.jpg,/workspace/Semana4/Proyecto/data/processed/flickr30k_hf/images/1119463452.jpg,train,A little girl in a pink bathing suit swimming in a pool.,,"[""A little girl in a pink bathing suit swimming in a pool."", ""Smiling little girl swimming in outdoor pool."", ""A girl in a pink swimsuit in a pool"", ""A little girl swimming in a pool."", ""A girl swimming in a pool.""]"
flickr30k_359,11205420.jpg,/workspace/Semana4/Proyecto/data/processed/flickr30k_hf/images/11205420.jpg,train,A man dressed in white walks a yellow rope on the ground that is attached to the handlebars of a bicycle.,,"[""A man dressed in white walks a yellow rope on the ground that is attached to the handlebars of a bicycle."", ""A man wearing all white is walking on a rope attached to a bike while surrounded by people."", ""A bike sitting in a street with a rope tied to it and a guy walking on the rope."", ""A street performer is performing with a bike in the foreground."", ""A man is doing a trick with a bike.""]"
flickr30k_360,1121053156.jpg,/workspace/Semana4/Proyecto/data/processed/flickr30k_hf/images/1121053156.jpg,train,A child and a young adult the adult is maybe demonstrating how to do something to teach the young child,,"[""A child and a young adult the adult is maybe demonstrating how to do something to teach the young child"", ""A man with a bucket and a child pointing to some machinery."", ""A man and a child stand next to a blue and black tube."", ""A man and child on a ship doing maintenance."", ""A father and son working on a boat.""]"
flickr30k_361,1121416483.jpg,/workspace/Semana4/Proyecto/data/processed/flickr30k_hf/images/1121416483.jpg,train,A young girl does a handstand on a bed with blue sheets.,,"[""A young girl does a handstand on a bed with blue sheets."", ""A small child doing a handstand on a bed."", ""A little girl standing on her head."", ""A child is standing on her head."", ""The girl is upside down on a bed""]"
flickr30k_362,11214205.jpg,/workspace/Semana4/Proyecto/data/processed/flickr30k_hf/images/11214205.jpg,train,Men with reflective safety jackets on are working on a street intersection with many orange reflective cones.,,"[""Men with reflective safety jackets on are working on a street intersection with many orange reflective cones."", ""Three construction workers in bright vests prepare road to be worked on."", ""Men wearing orange safety vest are working on street repairs."", ""A group of men in orange safety vests are working."", ""Three construction men are working.""]"
flickr30k_363,11214370.jpg,/workspace/Semana4/Proyecto/data/processed/flickr30k_hf/images/11214370.jpg,train,A man in jeans and a yellow safety jacket is working on bricks in the ground.,,"[""A man in jeans and a yellow safety jacket is working on bricks in the ground."", ""A man with a safety vest is kneeling down and cleaning the bricks."", ""A man in a yellow vest and jeans is caulking a sidewalk."", ""A man with a router working on the sidewalk."", ""A man grinding stones with a tool.""]"
flickr30k_364,11214470.jpg,/workspace/Semana4/Proyecto/data/processed/flickr30k_hf/images/11214470.jpg,train,Two men in construction vests are working on the side of a street with machines.,,"[""Two men in construction vests are working on the side of a street with machines."", ""Two construction workers are working on repairing a cobblestone walkway."", ""Two construction workers operate a machine that steams the street."", ""Workman are completing repairs on a city street."", ""Two construction workers work on a road.""]"
flickr30k_365,112178718.jpg,/workspace/Semana4/Proyecto/data/processed/flickr30k_hf/images/112178718.jpg,train,Man is standing on white sand and holding a snowboard.,,"[""Man is standing on white sand and holding a snowboard."", ""A guy stands in the sand with a snowboard behind him."", ""A man with his surfboard stands in the sand."", ""A man holds his snowboard in the sand."", ""A man holds a surfboard on the beach.""]"
flickr30k_366,11220707.jpg,/workspace/Semana4/Proyecto/data/processed/flickr30k_hf/images/11220707.jpg,train,A construction worker standing on the roof of a house wearing an orange vest with a yellow hard hat.,,"[""A construction worker standing on the roof of a house wearing an orange vest with a yellow hard hat."", ""A construction worker is laboring on part of a house near a chain-link fence and trees."", ""A man wearing a yellow hat and orange shirt with palm trees around."", ""A man in an orange vest standing atop a building."", ""A construction man looks over into the distance.""]"
flickr30k_367,1122177096.jpg,/workspace/Semana4/Proyecto/data/processed/flickr30k_hf/images/1122177096.jpg,train,A man wearing a yellow shirt and tan pants plays golf outside while being watched by other people.,,"[""A man wearing a yellow shirt and tan pants plays golf outside while being watched by other people."", ""A guy in a yellow shirt and light brown slacks is playing golf while the crowd watch."", ""Behind the fence spectators are looking at the golfer with the club in his hand."", ""Tiger woods putts a golf ball toward a hole."", ""Tiger woods about to make a putt""]"
flickr30k_368,112220869.jpg,/workspace/Semana4/Proyecto/data/processed/flickr30k_hf/images/112220869.jpg,train,Blond girl in a yellow-belt martial arts uniform standing in front of a door and carrying a large trophy.,,"[""Blond girl in a yellow-belt martial arts uniform standing in front of a door and carrying a large trophy."", ""A young girl smiles for the camera while holding a large trophy."", ""A girl in a white outfit with a yellow belt is holding a trophy."", ""A young girl in a karate uniform holding a large trophy."", ""Little girl holding a karate trophy.""]"
flickr30k_369,1122357785.jpg,/workspace/Semana4/Proyecto/data/processed/flickr30k_hf/images/1122357785.jpg,train,A young boy is falling into a pool of water with a man and a girl watching him.,,"[""A young boy is falling into a pool of water with a man and a girl watching him."", ""A man joyfully throws his son while swimming."", ""Man and two children swimming in the lake."", ""A kid with floaters jumping into a lake."", ""A boy is jumping into a lake.""]"
flickr30k_370,112243673.jpg,/workspace/Semana4/Proyecto/data/processed/flickr30k_hf/images/112243673.jpg,val,People on ATVs and dirt bikes are traveling along a worn path in a field surrounded by trees.,,"[""People on ATVs and dirt bikes are traveling along a worn path in a field surrounded by trees."", ""Three people on two dirt-bikes and one four-wheeler are riding through brown grass."", ""Three people ride off-road bikes through a field surrounded by trees."", ""Three people on motorbikes follow a trail through dry grass."", ""Three people are riding around on ATV's and motorcycles.""]"
flickr30k_371,112245524.jpg,/workspace/Semana4/Proyecto/data/processed/flickr30k_hf/images/112245524.jpg,train,A woman in a red tank top is cutting a hamburger in half with a spatula while opening or closing a drawer with the other hand.,,"[""A woman in a red tank top is cutting a hamburger in half with a spatula while opening or closing a drawer with the other hand."", ""A woman wearing a red tank top is cutting a hamburger in half."", ""A woman in red cuts a burger in half with a spatula."", ""A young woman is fixing a hamburger in a kitchen."", ""A woman in pink cuts a hamburger with a spatula.""]"
flickr30k_372,1122579380.jpg,/workspace/Semana4/Proyecto/data/processed/flickr30k_hf/images/1122579380.jpg,train,A woman wearing a long white t-shirt walking knee deep in the ocean.,,"[""A woman wearing a long white t-shirt walking knee deep in the ocean."", ""A boy in a dirty shirt is walking through knee-high ocean water."", ""A boy in a white shirt walks in the ocean."", ""A boy walking in the surf on a beach."", ""A blond boy walking in the water.""]"
flickr30k_373,112264837.jpg,/workspace/Semana4/Proyecto/data/processed/flickr30k_hf/images/112264837.jpg,train,A man in a suit reading a from a piece of paper in front of a nude sculpture.,,"[""A man in a suit reading a from a piece of paper in front of a nude sculpture."", ""The man in the suit is standing near the naked sculpture."", ""A man wearing a red tie standing in front of a statue."", ""A man standing beside the back of a nude statue."", ""A man is looking at a piece of paper.""]"
flickr30k_374,1122944218.jpg,/workspace/Semana4/Proyecto/data/processed/flickr30k_hf/images/1122944218.jpg,train,A little toddler dressed in white is smiling while a lady helps him wave a flag.,,"[""A little toddler dressed in white is smiling while a lady helps him wave a flag."", ""A baby in a white garment holds a flag with crescent moon and star."", ""A baby is holding a small black flag with a moon and a star on it."", ""Baby in white outfit holding black and white flag."", ""A baby wearing a white gown waves a Muslim flag.""]"
flickr30k_375,1123486015.jpg,/workspace/Semana4/Proyecto/data/processed/flickr30k_hf/images/1123486015.jpg,train,A man is standing on a small floating raft with a flag.,,"[""A man is standing on a small floating raft with a flag."", ""A young man on a dock fishing near a flag from France."", ""Man in white shirt staring out at the water."", ""A person stands on a structure on the lake."", ""A guy on a floating platform on the water.""]"
flickr30k_376,112411540.jpg,/workspace/Semana4/Proyecto/data/processed/flickr30k_hf/images/112411540.jpg,train,Young man wearing a wear jacket is behind a counter in a jewelry store gazing off into the distance.,,"[""Young man wearing a wear jacket is behind a counter in a jewelry store gazing off into the distance."", ""A young man in a gray jacket stands behind the counter of a jewelery store and smiles."", ""A man in an olive colored coat is standing in a jewelry store."", ""A pleasant young man working at a jewelry store."", ""A man is standing behind a counter in a shop.""]"
flickr30k_377,1124448967.jpg,/workspace/Semana4/Proyecto/data/processed/flickr30k_hf/images/1124448967.jpg,val,An older man sits back and relaxes on a patio outside an adobe building where many bicycles are propped.,,"[""An older man sits back and relaxes on a patio outside an adobe building where many bicycles are propped."", ""Topless old man wearing slippers, navy blue pants and a white hat while reclining in a chair outside."", ""A shirtless man in a white cap relaxes in a deck chair, close to three parked bicycles."", ""A half naked man is sleeping on his chair outdoors."", ""Man relaxing in a folding chair on the street.""]"
flickr30k_378,11245644.jpg,/workspace/Semana4/Proyecto/data/processed/flickr30k_hf/images/11245644.jpg,train,A newlywed couple is taking a picture outside on the steps of a building while other people are walking up and down the steps.,,"[""A newlywed couple is taking a picture outside on the steps of a building while other people are walking up and down the steps."", ""Many people, including a couple in a wedding dress and suit, are walking or standing around a building with lots of stairs."", ""People gathered at the steps of a church-like architecture."", ""People walk up and down the steps in front of a church."", ""People walking up and down the steps to a church.""]"
flickr30k_379,112459543.jpg,/workspace/Semana4/Proyecto/data/processed/flickr30k_hf/images/112459543.jpg,train,A group of young children kick around a ball on a field with a body of water in the background.,,"[""A group of young children kick around a ball on a field with a body of water in the background."", ""Group of children playing soccer with body of water in the background."", ""Some children are playing football with a seacoast in the background."", ""A number of children enjoy themselves on the coast of a city."", ""Children are playing soccer on a rocky beach.""]"
flickr30k_380,112550433.jpg,/workspace/Semana4/Proyecto/data/processed/flickr30k_hf/images/112550433.jpg,train,A woman in an orange top and black sweatpants jumps up with her arms out in front of the ocean on the beach.,,"[""A woman in an orange top and black sweatpants jumps up with her arms out in front of the ocean on the beach."", ""A woman in an orange shirt is taking part in physical activity on the beach."", ""A woman dancing on the beach, with the ocean in the background."", ""A female works out near the ocean side."", ""A pretty girl dancing on a beach.""]"
flickr30k_381,112604461.jpg,/workspace/Semana4/Proyecto/data/processed/flickr30k_hf/images/112604461.jpg,train,Two men work together to attach pieces of wood in a room set up for carpentry.,,"[""Two men work together to attach pieces of wood in a room set up for carpentry."", ""Two men are working on a wooden structure in their warehouse."", ""Two men are working on a carpentry project with hand tools."", ""Two men are working on putting together a wooden frame."", ""Two men are building something out of wood.""]"
flickr30k_382,1126137905.jpg,/workspace/Semana4/Proyecto/data/processed/flickr30k_hf/images/1126137905.jpg,val,"A group of people are standing outside at a carnival, near a ride called the Green Jungle.",,"[""A group of people are standing outside at a carnival, near a ride called the Green Jungle."", ""A crowd of people standing next to a shack labeled \""Green Jungle.\"""", ""A group of people standing in front of a hut in a parking lot."", ""Crowd standing near \""GREEN JUNGLE\"" exhibit at festival."", ""A group of people are gathered.""]"
flickr30k_383,1126403094.jpg,/workspace/Semana4/Proyecto/data/processed/flickr30k_hf/images/1126403094.jpg,train,Two girls with purple hair and a short-haired woman are smiling.,,"[""Two girls with purple hair and a short-haired woman are smiling."", ""An older woman smiles on as two pink-haired women talk."", ""A mother and her two daughters having a happy moment."", ""The lady in the green shirt is laughing."", ""A woman and two girls dressed in pink.""]"
flickr30k_384,1126450961.jpg,/workspace/Semana4/Proyecto/data/processed/flickr30k_hf/images/1126450961.jpg,train,A man in a business suit talking on the phone and carrying a briefcase walking by a mirrored building.,,"[""A man in a business suit talking on the phone and carrying a briefcase walking by a mirrored building."", ""A man in a black suit and briefcase hurrying somewhere, while talking on his cellphone."", ""An asian man carrying a suitcase while talking on the phone and walking quickly."", ""A man in a suit is walking and carrying a briefcase."", ""A businessman in a suit is running.""]"
flickr30k_385,112719695.jpg,/workspace/Semana4/Proyecto/data/processed/flickr30k_hf/images/112719695.jpg,train,A woman in a pink shit and blue jeans is walking down a somewhat busy street while holding a cup of coffee.,,"[""A woman in a pink shit and blue jeans is walking down a somewhat busy street while holding a cup of coffee."", ""A brunette in jeans is walking down the street, holding a takeout cup of coffee."", ""A trendy woman walks with her coffee past theaters at a large shopping complex."", ""A brunette woman walking down a street with a cup."", ""Lady walking down the street holding a cup.""]"
flickr30k_386,1128230658.jpg,/workspace/Semana4/Proyecto/data/processed/flickr30k_hf/images/1128230658.jpg,train,A young boy with a shaved head and dirty white collared shirt holds a chicken in his arm.,,"[""A young boy with a shaved head and dirty white collared shirt holds a chicken in his arm."", ""A bald little boy holds a chicken while two men are sitting in the background."", ""A young boy with a shaved head holds a chicken under his left arm."", ""A small child in poverty conditions is holding a chicken."", ""A young bald boy holding a chicken.""]"
flickr30k_387,1128874064.jpg,/workspace/Semana4/Proyecto/data/processed/flickr30k_hf/images/1128874064.jpg,val,A young girl sitting on a small chair surrounded by what looks like handmade fabrics and bags.,,"[""A young girl sitting on a small chair surrounded by what looks like handmade fabrics and bags."", ""A girl wearing a colorful hat sits on a woven mat."", ""A young woman is making rugs in the rain forest"", ""A woman in a red hat sits on a rug."", ""A woman sitting in a hut.""]"
flickr30k_388,112945950.jpg,/workspace/Semana4/Proyecto/data/processed/flickr30k_hf/images/112945950.jpg,train,"A couple sit on a ledge by the water, the woman leaning forward, the man looks out towards the water.",,"[""A couple sit on a ledge by the water, the woman leaning forward, the man looks out towards the water."", ""A man and a woman are sitting down overlooking the water and the women is bending over."", ""A man and a woman sitting on a sea wall looking out on the water."", ""A man sitting on a wall and looking at a body of water."", ""Couple sits next to a body of water under a clear sky.""]"
flickr30k_389,1129704496.jpg,/workspace/Semana4/Proyecto/data/processed/flickr30k_hf/images/1129704496.jpg,train,A brown and white and a black and white dog hauling in a floating toy from the ocean.,,"[""A brown and white and a black and white dog hauling in a floating toy from the ocean."", ""Two dogs run through the water with a rope in their mouths."", ""Both dogs retrieve the play toy from the water."", ""Two dogs tug at a chew toy in the surf."", ""Two dogs in the ocean playing with a toy""]"
flickr30k_390,1130017585.jpg,/workspace/Semana4/Proyecto/data/processed/flickr30k_hf/images/1130017585.jpg,val,"There are three young people, one dark-haired holding a bottled drink, one with head tilted back and finger in her mouth, and one with spiked hair.",,"[""There are three young people, one dark-haired holding a bottled drink, one with head tilted back and finger in her mouth, and one with spiked hair."", ""Three girls make faces as one takes a drink while they stand in a busy street."", ""Three young women pose for the camera at a parade."", ""Three women on the street drinking and posing"", ""The young people party in the streets.""]"
flickr30k_391,1130295306.jpg,/workspace/Semana4/Proyecto/data/processed/flickr30k_hf/images/1130295306.jpg,train,"A boy in a striped blue shirt and gray pants, holding a blue scooter, is looking across a river.",,"[""A boy in a striped blue shirt and gray pants, holding a blue scooter, is looking across a river."", ""Several people walk along a waterway including a boy with a scooter."", ""A boy wearing a rugby shirt standing next to a body of water."", ""Boy in striped shirt looks at peaceful lake."", ""A boy strolls by a pond in a park.""]"
flickr30k_392,113032513.jpg,/workspace/Semana4/Proyecto/data/processed/flickr30k_hf/images/113032513.jpg,train,"Blond child with large black coat, multicolored scarf, and knit hat standing in front of a window.",,"[""Blond child with large black coat, multicolored scarf, and knit hat standing in front of a window."", ""Little boy wearing a multicolored scarf and hat has a sad look on his face as he is looking down."", ""A younger boy is wearing a striped scarf and stocking cap."", ""A child standing outside in a matching cap and scarf."", ""Young boy is dressed for cold weather.""]"
flickr30k_393,1130369873.jpg,/workspace/Semana4/Proyecto/data/processed/flickr30k_hf/images/1130369873.jpg,train,A brown dog swims through water outdoors with a tennis ball in its mouth.,,"[""A brown dog swims through water outdoors with a tennis ball in its mouth."", ""A red dog, holding a ball, splashes through vegetation filled water."", ""A brown dog is running through neck-deep water carrying a tennis ball."", ""A brown dog splashes in the water while carrying a ball in its mouth."", ""Brown dog with tennis ball in mouth, in water and bushes.""]"
flickr30k_394,1130401779.jpg,/workspace/Semana4/Proyecto/data/processed/flickr30k_hf/images/1130401779.jpg,train,Two brown dogs are creating large splashes as they run in a river.,,"[""Two brown dogs are creating large splashes as they run in a river."", ""Two brown dogs runs through the water."", ""Two brown dogs running through water."", ""Two dogs splash through the water."", ""Two brown dogs in the water.""]"
flickr30k_395,1131056918.jpg,/workspace/Semana4/Proyecto/data/processed/flickr30k_hf/images/1131056918.jpg,test,Two young attractive women in front of a store drop coins for street performers.,,"[""Two young attractive women in front of a store drop coins for street performers."", ""Two women enjoy the entertainment of street performers."", ""Two men pretend to be statutes while women look on."", ""Two young women stop and watch street performers."", ""Pedestrians interact with street artists.""]"
flickr30k_396,113109101.jpg,/workspace/Semana4/Proyecto/data/processed/flickr30k_hf/images/113109101.jpg,train,A red-haired little girl is blowing bubbles in the water of a pool.,,"[""A red-haired little girl is blowing bubbles in the water of a pool."", ""A young girl with red-hair blows bubbles in clear water."", ""A girl blowing bubbles in the swimming pool."", ""A little girl blowing bubbles in the water."", ""A child blowing bubbles in water.""]"
flickr30k_397,1131155939.jpg,/workspace/Semana4/Proyecto/data/processed/flickr30k_hf/images/1131155939.jpg,train,"A black lav runs into the water on the beach, with swimmers in the distance and sea kelp in the foreground.",,"[""A black lav runs into the water on the beach, with swimmers in the distance and sea kelp in the foreground."", ""A pile of seaweed sits on the sand, behind it a big black dog is running in the water."", ""A dog at the shore of an ocean, with seaweed in foreground."", ""A black dog runs into the ocean next to a pile of seaweed."", ""A dog is running in the waves at the beach.""]"
flickr30k_398,1131340021.jpg,/workspace/Semana4/Proyecto/data/processed/flickr30k_hf/images/1131340021.jpg,train,"The little boy, in a short-sleeved shirt and shorts, is running outside.",,"[""The little boy, in a short-sleeved shirt and shorts, is running outside."", ""The little boy is wearing a black pinstripe shirt and walking on a deck."", ""Little boy in a striped shirt and brown shorts is running."", ""Young boy running outside on the pavement."", ""A young boy runs while wearing sandals.""]"
flickr30k_399,1131800850.jpg,/workspace/Semana4/Proyecto/data/processed/flickr30k_hf/images/1131800850.jpg,train,A furry dog attempts to dry itself by shaking the water off its coat.,,"[""A furry dog attempts to dry itself by shaking the water off its coat."", ""A brown and white dog stands outside while it snows."", ""The large brown and white dog shakes off water."", ""A dog is looking at something near the water."", ""A white and brown dog shaking its self dry.""]"
flickr30k_400,1131883759.jpg,/workspace/Semana4/Proyecto/data/processed/flickr30k_hf/images/1131883759.jpg,train,"Someone holding a piece of, what looks like clear plastic, down on a hard surface while they drill a hole through it.",,"[""Someone holding a piece of, what looks like clear plastic, down on a hard surface while they drill a hole through it."", ""A small whole is being drilled into a white piece of plastic while being held down securely on a workbench."", ""Someone working on a project using a jigsaw cutting machine."", ""A hand holding an object while a hole is drilled in it."", ""Someone is drilling some plastic on a wooden block.""]"
flickr30k_401,1131889107.jpg,/workspace/Semana4/Proyecto/data/processed/flickr30k_hf/images/1131889107.jpg,train,Roller derby girls waiting for the next round of action!,,"[""Roller derby girls waiting for the next round of action!"", ""A group of people getting ready to rollerskate"", ""A women's roller derby team taking a break."", ""Women wearing rollerskates sit on the floor."", ""Some rollerskaters are sitting down.""]"
flickr30k_402,1131932671.jpg,/workspace/Semana4/Proyecto/data/processed/flickr30k_hf/images/1131932671.jpg,train,The boy in blue shorts is bouncing on the bed.,,"[""The boy in blue shorts is bouncing on the bed."", ""A boy jumps from one bed to another."", ""A boy jumped up from the green bed."", ""A small child is jumping on a bed."", ""A boy is jumping on a bed.""]"
flickr30k_403,1132772170.jpg,/workspace/Semana4/Proyecto/data/processed/flickr30k_hf/images/1132772170.jpg,train,A man is standing with his arms folded looking at something while the person behind him is jumping onto one of the two beds in the room.,,"[""A man is standing with his arms folded looking at something while the person behind him is jumping onto one of the two beds in the room."", ""A man wearing a yellow shirt standing in the middle of two beds that a boy is jumping on in the background"", ""A young child jumping on the bed as a man looks the other way."", ""Man standing in the bedroom with little boy jumping into bed."", ""A child leaping from bed to bed behind the back of a man.""]"
flickr30k_404,113291048.jpg,/workspace/Semana4/Proyecto/data/processed/flickr30k_hf/images/113291048.jpg,train,A young man holds up a piece of wood and a chainsaw as presses a cigarette between his lips.,,"[""A young man holds up a piece of wood and a chainsaw as presses a cigarette between his lips."", ""A man carrying an electric saw and a square board inside of a shop."", ""A boy in a gray hoodie holds up a chainsaw."", ""A young man holding a huge chainsaw."", ""A man holding a chainsaw.""]"
flickr30k_405,11337976.jpg,/workspace/Semana4/Proyecto/data/processed/flickr30k_hf/images/11337976.jpg,train,A shirtless man with sunglasses and a helmet is riding a motorcycle next to traffic cones.,,"[""A shirtless man with sunglasses and a helmet is riding a motorcycle next to traffic cones."", ""A man on a motorcycle without a shirt and another man standing under shade."", ""A shadowy figure watches a shirtless man ride past on a chopper."", ""A man on a motorcycle with no shirt on at a bike event."", ""A shirtless man is riding a motorcycle.""]"
flickr30k_406,11338041.jpg,/workspace/Semana4/Proyecto/data/processed/flickr30k_hf/images/11338041.jpg,train,People waiting to enter a white building through an entry way with an orange handwritten sign to the left of it.,,"[""People waiting to enter a white building through an entry way with an orange handwritten sign to the left of it."", ""Three people enter a building with a handwritten sign that says \""Welcome Bikers.\"""", ""A line of people wait to enter a building with a sign posted \""Welcome Bikers.\"""", ""A group of people enter a doorway next to a red sign reading \""WELCOME Bikers\""."", ""A group of people entering a building.""]"
flickr30k_407,113637264.jpg,/workspace/Semana4/Proyecto/data/processed/flickr30k_hf/images/113637264.jpg,train,A man in a white shirt lays cement on a brick wall.,,"[""A man in a white shirt lays cement on a brick wall."", ""A bricklayer smoothing out concrete."", ""A man is happily laying bricks."", ""A man is putting up a wall."", ""A man is mortaring bricks.""]"
flickr30k_408,1136497229.jpg,/workspace/Semana4/Proyecto/data/processed/flickr30k_hf/images/1136497229.jpg,train,A woman wearing glasses puts her hand on the shoulder of a young child as they sit at a flat wooden surface.,,"[""A woman wearing glasses puts her hand on the shoulder of a young child as they sit at a flat wooden surface."", ""A woman with glasses puts her arm around a very young child who is eating something."", ""A woman has her arm around a child as the child is eating"", ""A brown-haired woman looks at a baby eating something."", ""A woman touching her child's shoulder.""]"
flickr30k_409,1136758631.jpg,/workspace/Semana4/Proyecto/data/processed/flickr30k_hf/images/1136758631.jpg,train,A woman in a black top with a shopping bag standing near the train tracks while others read.,,"[""A woman in a black top with a shopping bag standing near the train tracks while others read."", ""A line of people, some standing and some sitting, are waiting on a platform for a train."", ""On a sunny day, a small crowd wait for the railroad on the platform."", ""People, both standing and sitting, along a train track."", ""Four people waiting at a train station on a sunny day.""]"
flickr30k_410,113678030.jpg,/workspace/Semana4/Proyecto/data/processed/flickr30k_hf/images/113678030.jpg,train,A snowboarder sits on a slope with skiers and boarders nearby.,,"[""A snowboarder sits on a slope with skiers and boarders nearby."", ""Snowboarders sitting in the snow while skiers take the hill."", ""A snowboarder takes a rest on the mountainside."", ""Two skiers stand, two sit on slopes."", ""The snowboarder is sitting down.""]"
flickr30k_411,113737410.jpg,/workspace/Semana4/Proyecto/data/processed/flickr30k_hf/images/113737410.jpg,train,Many people are walking around shopping in a brightly lit and colorful shopping mall.,,"[""Many people are walking around shopping in a brightly lit and colorful shopping mall."", ""People strolling in a mall with colorful decorations hanging from the ceiling."", ""People are walking around in a brightly-lit indoor shopping center."", ""New mall has opened bringing a lot of shoppers."", ""Many shoppers are walking around in a mall.""]"
flickr30k_412,11382381.jpg,/workspace/Semana4/Proyecto/data/processed/flickr30k_hf/images/11382381.jpg,train,A woman wearing a green tank top is working on a horse's shoe.,,"[""A woman wearing a green tank top is working on a horse's shoe."", ""A woman in a green tank top puts a horseshoe on a horse."", ""A woman in a green shirt is working on a horse's hoof."", ""A female blacksmith is shoeing a horse."", ""A woman is shoeing a horse.""]"
flickr30k_413,1138784872.jpg,/workspace/Semana4/Proyecto/data/processed/flickr30k_hf/images/1138784872.jpg,train,A small child in green clothing walks past a store opening and a woman in pink pants.,,"[""A small child in green clothing walks past a store opening and a woman in pink pants."", ""The child in the green one piece suit is walking past a store window."", ""A young boy is walking in front of some stores"", ""A girl in green walks down a city street."", ""A small child walks down a sidewalk.""]"
flickr30k_414,1139029795.jpg,/workspace/Semana4/Proyecto/data/processed/flickr30k_hf/images/1139029795.jpg,train,A group of local cheerleaders in red and white kept our spirits up during the parade.,,"[""A group of local cheerleaders in red and white kept our spirits up during the parade."", ""A group of cheerleaders cheering on the street, dressed in red and white."", ""Cheerleaders in red and white uniforms cheering in the street."", ""Women are cheerleading in the street."", ""A group of girls are cheering.""]"
flickr30k_415,11391827.jpg,/workspace/Semana4/Proyecto/data/processed/flickr30k_hf/images/11391827.jpg,train,"A man in a brown uniform reaching out from an industrial doorway, as if he is going to shut the door.",,"[""A man in a brown uniform reaching out from an industrial doorway, as if he is going to shut the door."", ""A man is inside a truck looking out with his left arm in front of a door."", ""A man in a brown shirt prepares to close the door."", ""A delivery man exiting the back of a truck."", ""A man opening a door and looking out.""]"
flickr30k_416,114051287.jpg,/workspace/Semana4/Proyecto/data/processed/flickr30k_hf/images/114051287.jpg,train,A boy in a red soccer strip is holding his boots in his hand whilst stepping out of a car.,,"[""A boy in a red soccer strip is holding his boots in his hand whilst stepping out of a car."", ""A young boy gets out of the van and prepares his shoes for wear during a soccer game."", ""A boy dressed in soccer attire and holding his shoes getting out of a car."", ""A child getting out of the car wearing soccer shoes."", ""A boy in glasses is wearing a red shirt.""]"
flickr30k_417,114052371.jpg,/workspace/Semana4/Proyecto/data/processed/flickr30k_hf/images/114052371.jpg,train,This is a teen or young adult with braids in their hair sitting in a chair with a yellow pillow in their lap.,,"[""This is a teen or young adult with braids in their hair sitting in a chair with a yellow pillow in their lap."", ""A white, young man in dreadlocks and a green kilt is sitting on a couch smiling."", ""A boy with dreds in his hair and wearing a kilt sitting in a chair."", ""A female with dreadlocks sits down and holds a pillow."", ""A man in a green kilt is relaxing on the sofa.""]"
flickr30k_418,1140793239.jpg,/workspace/Semana4/Proyecto/data/processed/flickr30k_hf/images/1140793239.jpg,train,A girl holding a drink with a straw in it standing in front of a man kissing her on the cheek as she smiles.,,"[""A girl holding a drink with a straw in it standing in front of a man kissing her on the cheek as she smiles."", ""A man in a blue t-shirt kisses a woman in a white tank top holding a drink at a bar."", ""A man in a blue shirt is kissing a woman in a white shirt on the cheek."", ""A man in a blue shirt is kissing a woman with blond-hair on the cheek."", ""A man is kissing a woman holding a drink.""]"
flickr30k_419,1141643526.jpg,/workspace/Semana4/Proyecto/data/processed/flickr30k_hf/images/1141643526.jpg,val,"A group of people gather in a bar, and one man in a black shirt holds his arm and signals to the camera.",,"[""A group of people gather in a bar, and one man in a black shirt holds his arm and signals to the camera."", ""In a crowd of young people at a bar, a man stands displaying the rock and roll sign."", ""A man is making a \""rock\"" gesture while standing on a stool in a crowded bar."", ""A single man in a black t-shirt standing above the crowd at a busy bar."", ""People enjoying drinks in a crowded bar.""]"
flickr30k_420,1141644104.jpg,/workspace/Semana4/Proyecto/data/processed/flickr30k_hf/images/1141644104.jpg,train,A woman in a white and tan striped dress sits in the lap of a man with a tan collared shirt.,,"[""A woman in a white and tan striped dress sits in the lap of a man with a tan collared shirt."", ""A man and women are posing for the camera and looking very happy together."", ""A happy couple cuddling up for a nice photo."", ""Blond-haired couple posing for picture."", ""A happy couple sitting together.""]"
flickr30k_421,114164952.jpg,/workspace/Semana4/Proyecto/data/processed/flickr30k_hf/images/114164952.jpg,train,Family taking a winter walk in a park path while two of the children run ahead of the family.,,"[""Family taking a winter walk in a park path while two of the children run ahead of the family."", ""Grownups and small children are walking down a road lined with trees."", ""Two children move along a gravel path surrounded by trees."", ""Two children play on the path in a park."", ""Two kids walking in an outdoor area.""]"
flickr30k_422,1141718391.jpg,/workspace/Semana4/Proyecto/data/processed/flickr30k_hf/images/1141718391.jpg,val,Woman and man walking across wooden rope bridge with a caution sign beside it.,,"[""Woman and man walking across wooden rope bridge with a caution sign beside it."", ""A man and a woman are crossing over a rope bridge with greenery all over them."", ""A man and a woman crossing a suspension bridge in a tropical setting."", ""A bridge through high green plants, a man and a woman on it."", ""A man and a woman are walking across a rope bridge.""]"
flickr30k_423,1141739219.jpg,/workspace/Semana4/Proyecto/data/processed/flickr30k_hf/images/1141739219.jpg,train,A man is helping a girl step down from a colorful truck whilst a woman and three children watch.,,"[""A man is helping a girl step down from a colorful truck whilst a woman and three children watch."", ""A very colorful bus is pulled off to the side of the road as its passengers load."", ""A girl climbing down from the side of a bright blue truck while others watch."", ""Two women and four children standing next to a brightly painted truck."", ""A family gathered at a painted van""]"
flickr30k_424,1142283988.jpg,/workspace/Semana4/Proyecto/data/processed/flickr30k_hf/images/1142283988.jpg,train,Two people are hugging and one is wearing a pink-hooded stretch top.,,"[""Two people are hugging and one is wearing a pink-hooded stretch top."", ""A young woman hugs a young man who's wearing a pink costume."", ""A smiling woman holds a person dressed in a pig costume."", ""A blond woman poses with a person in a pink costume."", ""Blond embracing young man in pink costume, at event""]"
flickr30k_425,1142847777.jpg,/workspace/Semana4/Proyecto/data/processed/flickr30k_hf/images/1142847777.jpg,train,A woman in a blue helmet and brown shorts rides her bike on a busy street.,,"[""A woman in a blue helmet and brown shorts rides her bike on a busy street."", ""A woman wearing a blue helmet rides her bicycle in a parking lot."", ""A woman is riding her bicycle in traffic"", ""A bicyclist riding on a city street."", ""A woman is riding a blue bike.""]"
flickr30k_426,1142916102.jpg,/workspace/Semana4/Proyecto/data/processed/flickr30k_hf/images/1142916102.jpg,train,"A little girl, with long blond-hair and wearing a dress, looking at her refection in a puddle.",,"[""A little girl, with long blond-hair and wearing a dress, looking at her refection in a puddle."", ""A young girl in a sundress and sandals looking at her reflection in a puddle."", ""A young girl in a dress is looking at her reflection in a river bed."", ""A little girl wearing a green dress is standing in front of puddle."", ""A child looks at her reflection in a puddle of water.""]"
flickr30k_427,1143373711.jpg,/workspace/Semana4/Proyecto/data/processed/flickr30k_hf/images/1143373711.jpg,train,A man in blue and white biking gear rides down a busy street.,,"[""A man in blue and white biking gear rides down a busy street."", ""A man wearing a helmet riding his bicycle down the street."", ""A bicyclist getting ready to cross a street."", ""A biker in spandex riding on a busy street."", ""A bicycle rider is crossing a street.""]"
flickr30k_428,114368470.jpg,/workspace/Semana4/Proyecto/data/processed/flickr30k_hf/images/114368470.jpg,train,A youth with long dirty blond-hair wearing a denim jacket and jeans looks at the conveyor belt of groceries while waiting at a checkout line.,,"[""A youth with long dirty blond-hair wearing a denim jacket and jeans looks at the conveyor belt of groceries while waiting at a checkout line."", ""Boy standing in line in a grocery store with his items on the conveyor belt."", ""A young girl and an older man are checking out at the food store."", ""A father and son at the checkout in a supermarket."", ""Young boy and an older man waiting to check out.""]"
flickr30k_429,1143815134.jpg,/workspace/Semana4/Proyecto/data/processed/flickr30k_hf/images/1143815134.jpg,train,"A man and a woman, both wearing hiking gear, are standing on the edge of a large canyon.",,"[""A man and a woman, both wearing hiking gear, are standing on the edge of a large canyon."", ""Two people take in the scene as they stand together looking out over the canyon."", ""Two travelers at the edge of a cliff overlooking the mountains."", ""Man and woman standing at grand canyon looking out."", ""Two people at cliff side overlooking Grand Canyon.""]"
flickr30k_430,1143882946.jpg,/workspace/Semana4/Proyecto/data/processed/flickr30k_hf/images/1143882946.jpg,train,A woman in a blue vest and a sky blue helmet stands with her bicycle in traffic.,,"[""A woman in a blue vest and a sky blue helmet stands with her bicycle in traffic."", ""A woman with a helmet and a backpack walks next to her bike."", ""A woman in a helmet rides her bike behind a car."", ""Women with bike and helmet wait for traffic."", ""A lady wearing a helmet holding a bike.""]"
flickr30k_431,114410209.jpg,/workspace/Semana4/Proyecto/data/processed/flickr30k_hf/images/114410209.jpg,train,A person wearing a short-sleeved light blue shirt over a long-sleeved white shirt and blue jeans is holding a long-lensed camera to his face while standing next to a red colored railroad car.,,"[""A person wearing a short-sleeved light blue shirt over a long-sleeved white shirt and blue jeans is holding a long-lensed camera to his face while standing next to a red colored railroad car."", ""A young man standing in front of a red freight car holding a camera and taking a photo."", ""A boy standing in front of a red box car, is taking a photo."", ""Man photographing red railroad car with large camera lens."", ""Man with camera standing beside a train.""]"
flickr30k_432,1144288288.jpg,/workspace/Semana4/Proyecto/data/processed/flickr30k_hf/images/1144288288.jpg,train,A woman wearing a white hat and shirt is jogging down a street with a plant store on the corner.,,"[""A woman wearing a white hat and shirt is jogging down a street with a plant store on the corner."", ""A woman in a white shirt and blue shorts is wearing headphones."", ""A man in shorts is jogging along a street with a headset."", ""A person in blue shorts and wearing a Walkman jogs."", ""A woman walks on a street wearing headphones.""]"
flickr30k_433,114474325.jpg,/workspace/Semana4/Proyecto/data/processed/flickr30k_hf/images/114474325.jpg,train,Odd looking young adult playing around a large tree that has big roots.,,"[""Odd looking young adult playing around a large tree that has big roots."", ""A guy with five girls out climbing on an old tree in a park area."", ""People wearing costumes standing in front of a large tree."", ""A man and a woman play on a tree while others look on."", ""People play on a big tree.""]"
flickr30k_434,1144865997.jpg,/workspace/Semana4/Proyecto/data/processed/flickr30k_hf/images/1144865997.jpg,test,A group of people standing on the lawn in front of a building.,,"[""A group of people standing on the lawn in front of a building."", ""Many people in blue jeans stand in front of a white church."", ""A large group of people stand outside of a church."", ""Family members standing outside a home."", ""People standing outside of a building.""]"
flickr30k_435,1144874057.jpg,/workspace/Semana4/Proyecto/data/processed/flickr30k_hf/images/1144874057.jpg,train,Six people are standing in a concrete block building with a piece of plastic and a green basket on the floor.,,"[""Six people are standing in a concrete block building with a piece of plastic and a green basket on the floor."", ""A man in a white long-sleeve shirt and black cap holding a bottled drink under his arm."", ""A group of people standing in a circle on plastic liner."", ""Several people are dividing up painting supplies."", ""A group of young people are in a garage""]"
flickr30k_436,1144885633.jpg,/workspace/Semana4/Proyecto/data/processed/flickr30k_hf/images/1144885633.jpg,train,"Three young men read the plaque on a wooden cross in a rocky landscape, one young man is talking on his cellphone.",,"[""Three young men read the plaque on a wooden cross in a rocky landscape, one young man is talking on his cellphone."", ""Three men stand near a large wooden cross overlooking a desert mountain."", ""Three men are looking at a sign on a cross in a canyon."", ""Three young males are standing in front of a cross."", ""Three men look at a sign.""]"
flickr30k_437,1144946743.jpg,/workspace/Semana4/Proyecto/data/processed/flickr30k_hf/images/1144946743.jpg,train,A young girl with glasses is kneeling on a stone ledge in front of a mud-filled bucket.,,"[""A young girl with glasses is kneeling on a stone ledge in front of a mud-filled bucket."", ""A little girl kneels on a ledge at the edge of a fence, with a bucket in front of her."", ""A young girl with brown hair and glasses is kneeling near a bucket and fence."", ""A young lady sits in front of a fence with a bucket."", ""A girl with dirty hands seems to be happy outside.""]"
flickr30k_438,1145145003.jpg,/workspace/Semana4/Proyecto/data/processed/flickr30k_hf/images/1145145003.jpg,train,A person trying desperately not to be photographed by putting their sweater over their head as they compute.,,"[""A person trying desperately not to be photographed by putting their sweater over their head as they compute."", ""A person wearing red pants hides their head under a black jacket in front of a desk with many computers."", ""The woman tries to hide from work under a black sweatshirt, but her red corduroy pants give her away."", ""A person with red pants with cover over her head sitting in front of multiple computers."", ""A child is hiding under a sweater in a chair.""]"
flickr30k_439,1145718750.jpg,/workspace/Semana4/Proyecto/data/processed/flickr30k_hf/images/1145718750.jpg,train,"A young man wearing a baseball cap brushes at the base of a statue of Jesus Christ, during the day.",,"[""A young man wearing a baseball cap brushes at the base of a statue of Jesus Christ, during the day."", ""A young boy dusts and cleans bronze statues at his summer job."", ""A young man cleaning a statue with a brush."", ""A man in a red shirt is painting a statue."", ""A person wearing a hat cleaning a statute.""]"
flickr30k_440,1145722716.jpg,/workspace/Semana4/Proyecto/data/processed/flickr30k_hf/images/1145722716.jpg,train,Three male figures of different ages stand next to some rocks as they are dwarfed by a large upright wooden cross.,,"[""Three male figures of different ages stand next to some rocks as they are dwarfed by a large upright wooden cross."", ""Two young men clutch rags in their hands as a elderly man tells them how to clean the large cross."", ""Two younger boys are standing in front of an older man in front of a large wooden cross."", ""Two young men and an older man are standing in front of a big wooden cross."", ""Two men listening intently to a local underneath a landmark.""]"
flickr30k_441,1145730606.jpg,/workspace/Semana4/Proyecto/data/processed/flickr30k_hf/images/1145730606.jpg,train,Someone is holding a young women on their shoulders for her to be able to reach the area she would like to use a wire brush to scrape off peeling paint.,,"[""Someone is holding a young women on their shoulders for her to be able to reach the area she would like to use a wire brush to scrape off peeling paint."", ""A woman is holding a cleaning brush while someone is holding her up over a door frame."", ""A woman sits on someone's shoulders while using a wire brush on a door frame."", ""A woman sits on a man's shoulders using a heavy brush as a hammer."", ""A girl is sitting on someone's shoulders in front of a green wall.""]"
flickr30k_442,1145755142.jpg,/workspace/Semana4/Proyecto/data/processed/flickr30k_hf/images/1145755142.jpg,train,"A man is standing on a ladder in front of a cross, while a person is holding the ladder.",,"[""A man is standing on a ladder in front of a cross, while a person is holding the ladder."", ""4 men are working on ladders cutting off tree branches."", ""Group setting up a wooden cross near a large boulder."", ""Men standing around, and working on ladders."", ""A group of men climb ladders outdoors.""]"
flickr30k_443,1145770960.jpg,/workspace/Semana4/Proyecto/data/processed/flickr30k_hf/images/1145770960.jpg,train,"A child and a man sit on the ground together, ready to use paintbrushes and a bucket.",,"[""A child and a man sit on the ground together, ready to use paintbrushes and a bucket."", ""A man in a hat is sitting next to a little boy and next to a metal bucket."", ""A young boy picks up a paintbrush and grins."", ""A man and a child with a bucket of paint."", ""A man and a child painting a post.""]"
flickr30k_444,1145781754.jpg,/workspace/Semana4/Proyecto/data/processed/flickr30k_hf/images/1145781754.jpg,train,Four men with baseball caps and logo t-shirts laughing together at a table.,,"[""Four men with baseball caps and logo t-shirts laughing together at a table."", ""Four men in white shirts and baseball caps sitting around a table."", ""Four men in white T-shirts, blue jeans, and hats talking."", ""A group of friends converse around a table."", ""A group of friends talk around a table.""]"
flickr30k_445,1145810912.jpg,/workspace/Semana4/Proyecto/data/processed/flickr30k_hf/images/1145810912.jpg,train,A boy works on a log that he is using for a project.,,"[""A boy works on a log that he is using for a project."", ""A boy in a red and blue shirt painting a log."", ""Child in red and blue shirt painting a log."", ""A boy looking at a chopped log."", ""A child using a woodworking tool""]"
flickr30k_446,1146490295.jpg,/workspace/Semana4/Proyecto/data/processed/flickr30k_hf/images/1146490295.jpg,train,A man in a white shirt is talking with two men and two women sitting on a bench.,,"[""A man in a white shirt is talking with two men and two women sitting on a bench."", ""Man with gray hair telling a story to a group of younger people on a bench."", ""An old man is talking to a group of people sitting on a bench."", ""A man shakes his arm at a group of people seated on a bench."", ""People talking together as they sit on a bench.""]"
flickr30k_447,1146938063.jpg,/workspace/Semana4/Proyecto/data/processed/flickr30k_hf/images/1146938063.jpg,train,"Two men talk while the one on the right holds in his left arm, and the one on the right holds a notebook behind him, they are in a field.",,"[""Two men talk while the one on the right holds in his left arm, and the one on the right holds a notebook behind him, they are in a field."", ""The man in the white shirt is listening to the man in the blue shirt."", ""Two men, one black, one white, are holding books and talking."", ""Two men carrying books, walking and talking in a field."", ""Two people are standing in a field holding some books.""]"
flickr30k_448,114715590.jpg,/workspace/Semana4/Proyecto/data/processed/flickr30k_hf/images/114715590.jpg,train,"Young male wearing a hoodie, is performing stunts on his skateboard.",,"[""Young male wearing a hoodie, is performing stunts on his skateboard."", ""A man in a white hoodie doing an skateboard trick on two stairs."", ""A skateboarder is does an \""ollie\"" down a couple of stairs."", ""A person doing a skateboard flip next to a black trashcan."", ""A man is skateboarding down 2 stairs.""]"
flickr30k_449,114722877.jpg,/workspace/Semana4/Proyecto/data/processed/flickr30k_hf/images/114722877.jpg,train,"A man wearing a blue shirt, standing on the railroad is taking picture of the bridge.",,"[""A man wearing a blue shirt, standing on the railroad is taking picture of the bridge."", ""A man standing on a railroad track taking a picture of the water between two bridges."", ""A man standing on a railroad track looking through his binoculars at a river."", ""A woman is taking a photo of a bridge while standing on the train tracks."", ""A person standing on railroad tracks in front of two bridges.""]"
flickr30k_450,1147391743.jpg,/workspace/Semana4/Proyecto/data/processed/flickr30k_hf/images/1147391743.jpg,train,A family in an African village sits outside of their home on the ground.,,"[""A family in an African village sits outside of their home on the ground."", ""A group of indigenous people relaxing outside of their hut."", ""Numerous people sitting on the ground near a straw hut."", ""Multiple people are sitting in outside of a hut."", ""Several African women sit in front of a hut.""]"
flickr30k_451,1148095714.jpg,/workspace/Semana4/Proyecto/data/processed/flickr30k_hf/images/1148095714.jpg,train,A young dark-skinned child in a long blue coat is chasing a ball.,,"[""A young dark-skinned child in a long blue coat is chasing a ball."", ""A little boy in a suit jacket is playing with a ball."", ""Black boy in sandals playing with a ball in the grass"", ""A kid may be playing soccer while in a suit."", ""A young african boy kicking a ball.""]"
flickr30k_452,1148238960.jpg,/workspace/Semana4/Proyecto/data/processed/flickr30k_hf/images/1148238960.jpg,train,People on bicycles waiting at an intersection.,,"[""People on bicycles waiting at an intersection."", ""Bicyclists are standing at an intersection."", ""Bicyclists waiting at an intersection."", ""People waiting at a light on bikes."", ""Three bikers stop in town.""]"
flickr30k_453,1148889628.jpg,/workspace/Semana4/Proyecto/data/processed/flickr30k_hf/images/1148889628.jpg,train,A construction worker in jeans is standing on a scaffold holding on to a metal frame with a city backdrop.,,"[""A construction worker in jeans is standing on a scaffold holding on to a metal frame with a city backdrop."", ""Workman standing on scaffolding against the New York City skyline."", ""A man stands on a scaffold his back facing away looking at a city."", ""A construction worker is building scaffolding for the job."", ""A construction worker assembles a scaffold.""]"
flickr30k_454,1149097018.jpg,/workspace/Semana4/Proyecto/data/processed/flickr30k_hf/images/1149097018.jpg,train,A little baby dressed in green and yellow wearing a bib cries.,,"[""A little baby dressed in green and yellow wearing a bib cries."", ""A baby wearing a green bib with a frog on it is crying."", ""Baby wears green frog big and makes grotesque face."", ""An infant in a green outfit is expressing emotion."", ""An infant lays on a bed with it's mouth open.""]"
flickr30k_455,1149179852.jpg,/workspace/Semana4/Proyecto/data/processed/flickr30k_hf/images/1149179852.jpg,train,A man without a shirt on is guiding a large brown horse pulling a green and yellow wagon.,,"[""A man without a shirt on is guiding a large brown horse pulling a green and yellow wagon."", ""The shirtless man is walking the Shetland pony and carriage down the street."", ""A shirtless man escorts a horse pulling a carriage along a paved road."", ""Shirtless man leading a small horse-drawn covered wagon down a road"", ""A shirtless man leading a horse that is pulling a carriage.""]"
flickr30k_456,1149286224.jpg,/workspace/Semana4/Proyecto/data/processed/flickr30k_hf/images/1149286224.jpg,train,There is a shirtless toned white man standing on a balcony of a construction site and holding some sort of tool.,,"[""There is a shirtless toned white man standing on a balcony of a construction site and holding some sort of tool."", ""A shirtless man leaning off scaffolding surrounded by hanging yellow fabric."", ""A guy standing outside with no shirt on looking up at the building."", ""A shirtless man leans over a balcony looking platform."", ""Man on scaffolding with yellow background.""]"
flickr30k_457,114939325.jpg,/workspace/Semana4/Proyecto/data/processed/flickr30k_hf/images/114939325.jpg,train,A girl wearing flip-flop sandals swinging on a swing set in a park underneath fluffy white clouds.,,"[""A girl wearing flip-flop sandals swinging on a swing set in a park underneath fluffy white clouds."", ""A woman in a pink jacket is swinging on a swing-set with some trees in the background."", ""The young girl is swinging high above the ground on a nice summer day."", ""A young woman plays on a swing set while trees sway in the background."", ""A young girl swinging very high on playground swing set.""]"
flickr30k_458,114941694.jpg,/workspace/Semana4/Proyecto/data/processed/flickr30k_hf/images/114941694.jpg,train,"One man, airborne, wearing an orange sweatshirt and blue jeans, does a skateboarding trick.",,"[""One man, airborne, wearing an orange sweatshirt and blue jeans, does a skateboarding trick."", ""A young man does a skateboard trick off of a concrete bench."", ""Man is orange hoodie doing a skateboard trick."", ""Young man in an orange hoodie skateboarding."", ""A skateboarding kid doing an ollie.""]"
flickr30k_459,114949897.jpg,/workspace/Semana4/Proyecto/data/processed/flickr30k_hf/images/114949897.jpg,train,"A child practices hitting a baseball into a net, while two adult men watch.",,"[""A child practices hitting a baseball into a net, while two adult men watch."", ""The man is holding the net for the boy playing baseball."", ""A man holds a net while a boys bats a ball into it."", ""A boy hits a ball off of a tee ball into to net."", ""Three people put up a batting cage.""]"
flickr30k_460,114954667.jpg,/workspace/Semana4/Proyecto/data/processed/flickr30k_hf/images/114954667.jpg,train,An Elderly man crouches to lift the covering off the grill wear several shish kabab are grilling.,,"[""An Elderly man crouches to lift the covering off the grill wear several shish kabab are grilling."", ""An older man in a blue paisley shirt looks at 7 shish kabobs on a small grill."", ""A man grills shish kabob on a small grill."", ""An old man is cooking his food."", ""A man checking food on a grill.""]"
flickr30k_461,115018808.jpg,/workspace/Semana4/Proyecto/data/processed/flickr30k_hf/images/115018808.jpg,train,"A man jogs down a city street, with a line attached to his back that vanishes out of the left side of the picture; a smiling cyclist rides past.",,"[""A man jogs down a city street, with a line attached to his back that vanishes out of the left side of the picture; a smiling cyclist rides past."", ""A young man runs with goggles above his eyes and a bungee cord tethered to him as a man on a bicycle with a white helmet laughs."", ""A man wearing a black shirt and goggles is running along the street"", ""A man wearing black clothes runs next to a woman on a bicycle."", ""A man is running and a girl is riding a bike.""]"
flickr30k_462,1150429218.jpg,/workspace/Semana4/Proyecto/data/processed/flickr30k_hf/images/1150429218.jpg,val,"A man in a gray cap, a pink tank top and short skirt, pink-and-black striped socks, and boots juggles knives in front of a brick building whose sign reads ""The Pump Room"" while onlookers watch.",,"[""A man in a gray cap, a pink tank top and short skirt, pink-and-black striped socks, and boots juggles knives in front of a brick building whose sign reads \""The Pump Room\"" while onlookers watch."", ""An male entertainer is wearing women's clothing that consists of a pink tank top, skirt, knee high socks, and a hairnet, performing on a unicycle a juggling knives while a crowd watches."", ""A man, wearing a short pink skirt, long striped socks, a pink tank top, and a hairnet, is juggling knives to the amusement of onlookers."", ""A street juggler performing while wearing a colorful outfit."", ""A man in a skirt is jumping while juggling knives.""]"
flickr30k_463,115125072.jpg,/workspace/Semana4/Proyecto/data/processed/flickr30k_hf/images/115125072.jpg,train,Five Asian doctors in green hospital scrubs and masks having a discussion over what appears to be an ongoing operation.,,"[""Five Asian doctors in green hospital scrubs and masks having a discussion over what appears to be an ongoing operation."", ""A five person surgical team is about to perform an operation in a hospital."", ""Doctors wearing green scrubs are performing surgery on a patient"", ""Group of Doctors wearing green outfit perform a surgery."", ""Medical professionals are wearing green scrubs.""]"
flickr30k_464,1151321278.jpg,/workspace/Semana4/Proyecto/data/processed/flickr30k_hf/images/1151321278.jpg,train,A little boy is standing on the beach with a blue bucket and a green shovel while looking at the water.,,"[""A little boy is standing on the beach with a blue bucket and a green shovel while looking at the water."", ""A young boy in hawaiian style swim trunks holds a plastic bucket and shovel on the shore of the ocean."", ""A young boy in swimming trunks holds a blue pail and a bright green shovel on a sandy beach."", ""A boy standing at the beach holding a blue pale and a green shovel."", ""A young boy looks at the ocean while holding a green shovel.""]"
flickr30k_465,1151466868.jpg,/workspace/Semana4/Proyecto/data/processed/flickr30k_hf/images/1151466868.jpg,train,A young girl wears a shirt and shorts as she plays in the ocean's surf.,,"[""A young girl wears a shirt and shorts as she plays in the ocean's surf."", ""A small girl spins in the waves in the bright sun."", ""Girl running through the water near the shore."", ""The little girl splashes through the water."", ""A young girl plays in shallow water.""]"
flickr30k_466,1152274630.jpg,/workspace/Semana4/Proyecto/data/processed/flickr30k_hf/images/1152274630.jpg,train,"Three people, two males and a female, are sitting in front of a tall tree on the ground during a rest from a hike.",,"[""Three people, two males and a female, are sitting in front of a tall tree on the ground during a rest from a hike."", ""Three people sitting outside on small rocks behind a big bush, wearing long pants."", ""Three men pose sitting in the shade on a hillside next to a backpack."", ""Two men and a woman sit in front of a tree and have a snack."", ""Three hikers rest in the shade of a tree in the desert.""]"
flickr30k_467,115275671.jpg,/workspace/Semana4/Proyecto/data/processed/flickr30k_hf/images/115275671.jpg,train,A man with a pitchfork stands near a bucket of branches across from an apartment complex.,,"[""A man with a pitchfork stands near a bucket of branches across from an apartment complex."", ""A man in a hat and coat is holding a pitchfork and posing for a picture."", ""A man in a blue jacket and gray paints gardening in front of buildings."", ""A man landscaping an area for preparation to the upcoming season."", ""A Caucasian male is performing yard work outside a building.""]"
flickr30k_468,115275691.jpg,/workspace/Semana4/Proyecto/data/processed/flickr30k_hf/images/115275691.jpg,train,An elderly man holding a pitchfork and doing some yard work.,,"[""An elderly man holding a pitchfork and doing some yard work."", ""A man doing clean up work of brush around a public area."", ""A groundskeeper has collected a bucket full of sticks."", ""A worker with a pitchfork is standing outside."", ""A man in a blue jacket is holding a rake.""]"
flickr30k_469,115275821.jpg,/workspace/Semana4/Proyecto/data/processed/flickr30k_hf/images/115275821.jpg,train,A man and dog concentrating on a camera taking their picture in the street.,,"[""A man and dog concentrating on a camera taking their picture in the street."", ""Black and white dog looking at camera with man bent over in the background."", ""White with black spots dog is being looked at by a man on the street."", ""A man and his dog are both interested in the photographer."", ""A black and white dog standing near a man.""]"
flickr30k_470,11533606.jpg,/workspace/Semana4/Proyecto/data/processed/flickr30k_hf/images/11533606.jpg,train,A male figure in a long-sleeve shirt and suspenders is standing in the entry to a black train.,,"[""A male figure in a long-sleeve shirt and suspenders is standing in the entry to a black train."", ""A wax figurine wearing an engineers hat is standing in the doorway of the train engine."", ""A male mannequin dressed as a train conductor, standing on a black train car."", ""A man wearing suspenders in standing on a train."", ""Train operator on a stopped train.""]"
flickr30k_471,11536856.jpg,/workspace/Semana4/Proyecto/data/processed/flickr30k_hf/images/11536856.jpg,train,Two ladies are cooking &amp; talking and two gentlemen are talking in the opposite site of the kitchen.,,"[""Two ladies are cooking &amp; talking and two gentlemen are talking in the opposite site of the kitchen."", ""Two men and two women are preparing food and talking in a kitchen."", ""Two men and two women are preparing a large meal in the kitchen."", ""Four middle-aged people are preparing a meal in a kitchen."", ""An elderly woman places carrots into a casserole.""]"
flickr30k_472,1153704539.jpg,/workspace/Semana4/Proyecto/data/processed/flickr30k_hf/images/1153704539.jpg,test,A young girl wearing a blue shirt marching in a band playing a trumpet,,"[""A young girl wearing a blue shirt marching in a band playing a trumpet"", ""Girl wearing blue shirt and black shorts plays trumped outside."", ""A teenager plays her trumpet on the field at a game."", ""A girl playing trumpet in a marching band."", ""Girl playing the trumpet in a marching band""]"
flickr30k_473,1153857697.jpg,/workspace/Semana4/Proyecto/data/processed/flickr30k_hf/images/1153857697.jpg,train,A man in tan shorts talking to a young girl in a red shirt.,,"[""A man in tan shorts talking to a young girl in a red shirt."", ""A man and a woman under a structure in an outdoor setting."", ""A girl talking to a man holding various materials."", ""Girl learning about animals at the zoo."", ""Employees of a park discussing work.""]"
flickr30k_474,1154080132.jpg,/workspace/Semana4/Proyecto/data/processed/flickr30k_hf/images/1154080132.jpg,train,Two young boys in black are fishing as a young blue in blue watches.,,"[""Two young boys in black are fishing as a young blue in blue watches."", ""A group of friends are fishing off the loading ramp"", ""Three young boys fish on a man-made structure."", ""Three young boys are fishing at a lake."", ""Three young boys fish at a boat launch.""]"
flickr30k_475,115452730.jpg,/workspace/Semana4/Proyecto/data/processed/flickr30k_hf/images/115452730.jpg,train,A woman with a small child in her lap reading a picture book.,,"[""A woman with a small child in her lap reading a picture book."", ""A mother and son read a book about dinosaurs together."", ""The woman is reading to a small boy about dinosaurs."", ""A woman and small boy are looking at a book."", ""A woman reading a book to a child.""]"
flickr30k_476,1154930578.jpg,/workspace/Semana4/Proyecto/data/processed/flickr30k_hf/images/1154930578.jpg,train,"Two women, sitting at a table, with a green straw inside of a drink.",,"[""Two women, sitting at a table, with a green straw inside of a drink."", ""A lady in a gray shirt sits calmly by her friend at the table."", ""Two young girls are sitting at a table drinking and eating."", ""Two women are sitting at a table in a restaurant."", ""Two women are sitting at a table.""]"
flickr30k_477,11551286.jpg,/workspace/Semana4/Proyecto/data/processed/flickr30k_hf/images/11551286.jpg,train,A little toddler boy is crying while walking.,,"[""A little toddler boy is crying while walking."", ""A dark-haired little boy is very upset."", ""A baby boy in overalls is crying."", ""A little boy in overalls crying."", ""A barefoot boy is crying.""]"
flickr30k_478,1155138244.jpg,/workspace/Semana4/Proyecto/data/processed/flickr30k_hf/images/1155138244.jpg,val,Woman dressed in a green hat and apron is holding a tray full of drink samples.,,"[""Woman dressed in a green hat and apron is holding a tray full of drink samples."", ""An Asian girl in a green hat and apron is serving drinks on a tray."", ""The waitress offers complimentary tea to the patrons."", ""A girl hands out Starbucks samples at a street fair."", ""A Starbucks barista offering up a tray of drinks""]"
flickr30k_479,115684808.jpg,/workspace/Semana4/Proyecto/data/processed/flickr30k_hf/images/115684808.jpg,train,Three people are standing in the snow preparing an ice fishing boat.,,"[""Three people are standing in the snow preparing an ice fishing boat."", ""Three men are setting up a sledge on a snowy plain."", ""Three people in the snow put their gear in order."", ""Three men loading items on a sled."", ""Three people and a sled.""]"
flickr30k_480,1157215900.jpg,/workspace/Semana4/Proyecto/data/processed/flickr30k_hf/images/1157215900.jpg,train,"A woman in an outdoor marketplace, wearing a large cone shaped hat, standing behind two large baskets containing loaves of bread.",,"[""A woman in an outdoor marketplace, wearing a large cone shaped hat, standing behind two large baskets containing loaves of bread."", ""A woman in a hat is either selling or buying bread that is stacked in two different woven baskets."", ""An older person sits on the street to sell their bread."", ""A person is sitting behind two large baskets of bread."", ""An older asian woman displaying bread for sale""]"
flickr30k_481,115767961.jpg,/workspace/Semana4/Proyecto/data/processed/flickr30k_hf/images/115767961.jpg,train,A man in a white and black uniform carries luggage and blankets across a sidewalk outside of a red bricked building.,,"[""A man in a white and black uniform carries luggage and blankets across a sidewalk outside of a red bricked building."", ""A man in an pilot uniform is walking down the sidewalk carrying luggage."", ""A pilot in his uniform carrying luggage on his way to work."", ""A man walking beside a house with bags."", ""A pilot is leaving a home.""]"
flickr30k_482,1157855775.jpg,/workspace/Semana4/Proyecto/data/processed/flickr30k_hf/images/1157855775.jpg,train,Three people are walking on a lake shore with houses on the other side.,,"[""Three people are walking on a lake shore with houses on the other side."", ""People walking along a river near a beautiful homestead."", ""People walking along a lake with houses in the distance."", ""Three people walk on grass adjacent to a river."", ""Three people are standing near a lake.""]"
flickr30k_483,1158255688.jpg,/workspace/Semana4/Proyecto/data/processed/flickr30k_hf/images/1158255688.jpg,train,A woman in a red swimsuit and blue swim cap swims underwater while wearing a pair of yellow nose plugs.,,"[""A woman in a red swimsuit and blue swim cap swims underwater while wearing a pair of yellow nose plugs."", ""A female swimmer wearing a swim cap and nose clips moves slowly through the water is seen from below."", ""A female swimmer swimming underwater with a nose clip and cap on her head."", ""A female swimmer is submerged horizontally in a swimming pool."", ""A female swimmer in a blue cap swimming underwater.""]"
flickr30k_484,1158505981.jpg,/workspace/Semana4/Proyecto/data/processed/flickr30k_hf/images/1158505981.jpg,train,"An older bearded gentleman in glasses is reading a book in front of an open laptop, possibly in a classroom.",,"[""An older bearded gentleman in glasses is reading a book in front of an open laptop, possibly in a classroom."", ""An elderly man with glasses pages through a book on a laptop with three other men"", ""Four men - one looking at a book - sit in front of laptops."", ""People are engaged in worked involving laptops."", ""Four men sitting and working on laptops.""]"
flickr30k_485,1158897994.jpg,/workspace/Semana4/Proyecto/data/processed/flickr30k_hf/images/1158897994.jpg,train,A man in a baseball cap cleans out a blue colored pit outside where colorful Christmas lights hang above him.,,"[""A man in a baseball cap cleans out a blue colored pit outside where colorful Christmas lights hang above him."", ""A man in a baseball tee-shirt is sweeping what appears to be an empty pond in a festive looking backyard."", ""A man is sweeping a large blue surface that has \""Rock Bowl\"" written on it."", ""A man is sweeping the bottom of an empty shallow pool."", ""Guy in a hat, he is cleaning out an empty pool.""]"
flickr30k_486,115903799.jpg,/workspace/Semana4/Proyecto/data/processed/flickr30k_hf/images/115903799.jpg,train,A barefoot young girl in a pink gown is asleep on a hard wood floor cuddling her baby doll.,,"[""A barefoot young girl in a pink gown is asleep on a hard wood floor cuddling her baby doll."", ""A little girl dressed in a princess costume, asleep on a wood floor."", ""There is a girl in all pink sleeping on the floor with her dolls."", ""A girl sleeping with a baby doll wearing a princess costume"", ""A child dressed in a princess outfit sleeping.""]"
flickr30k_487,1159381599.jpg,/workspace/Semana4/Proyecto/data/processed/flickr30k_hf/images/1159381599.jpg,test,Person in a brown sweatshirt does a flip in midair over a trampoline with a river and electrical lines in the background.,,"[""Person in a brown sweatshirt does a flip in midair over a trampoline with a river and electrical lines in the background."", ""A young adult is doing a back flip on a trampoline near a lake."", ""A woman is doing flips on a trampoline in front of a lake."", ""A woman does a somersault on a trampoline on the beach."", ""Trampolines are a fun way to exercise.""]"
flickr30k_488,1159425410.jpg,/workspace/Semana4/Proyecto/data/processed/flickr30k_hf/images/1159425410.jpg,train,A female washes her medium-sized dog outdoors in a plastic container while a friend secures it with a leash.,,"[""A female washes her medium-sized dog outdoors in a plastic container while a friend secures it with a leash."", ""A brown dog is in a blue tub, while one person holds his leash and another is soaping him."", ""Two people give a dog a bath outdoors in a blue container."", ""A small brown dog is being washed in a small blue bin."", ""A dog calmly waits until his bath is over.""]"
flickr30k_489,1159574340.jpg,/workspace/Semana4/Proyecto/data/processed/flickr30k_hf/images/1159574340.jpg,train,A child jumping into a lake in a wooded area while another child plays on the shore.,,"[""A child jumping into a lake in a wooded area while another child plays on the shore."", ""The man takes a leap into the water with his shoes on."", ""A child jumps into the water with his sneakers on."", ""Little boy in sneakers jumping into water."", ""A kid jumping into a pool of water.""]"
flickr30k_490,116002648.jpg,/workspace/Semana4/Proyecto/data/processed/flickr30k_hf/images/116002648.jpg,train,A child wearing a gray hat and black jacket while sleeping on a red coat.,,"[""A child wearing a gray hat and black jacket while sleeping on a red coat."", ""Child in black jacket, red pants and fleece had sleeps on a red jacket."", ""A young child is sleeping on a man's coat on the floor."", ""A young child in a jacket and a hat sleeping."", ""A child sleeping on the floor.""]"
flickr30k_491,1160034462.jpg,/workspace/Semana4/Proyecto/data/processed/flickr30k_hf/images/1160034462.jpg,train,White-haired man in gray sweater and a straw hat sitting on a bench under a tree.,,"[""White-haired man in gray sweater and a straw hat sitting on a bench under a tree."", ""The old man in the brown hat is sitting on the bench."", ""A elderly man in a straw hat is sitting on a bench."", ""An old man in a straw hat sits on a park bench."", ""A elderly man sits alone on a park bench.""]"
flickr30k_492,1160128934.jpg,/workspace/Semana4/Proyecto/data/processed/flickr30k_hf/images/1160128934.jpg,train,"Three children sit on the grass, one laying down, one in overalls smiling and one in green looking through a tote bag.",,"[""Three children sit on the grass, one laying down, one in overalls smiling and one in green looking through a tote bag."", ""Several children are sitting on a blanket on the ground while one digs through a bag."", ""Three small children On a blanket on the ground surrounded by people in wheelchairs."", ""Three kids on a grass field, one of them searching for food in her mom's purse."", ""Three children are sitting in the grass surrounded by their parents.""]"
flickr30k_493,116021030.jpg,/workspace/Semana4/Proyecto/data/processed/flickr30k_hf/images/116021030.jpg,train,The man in the hooded sweatshirt is controlling the large machine.,,"[""The man in the hooded sweatshirt is controlling the large machine."", ""A man with his jacket hood up sits on a machine."", ""A worker operates machinery on a cold day."", ""A black man operates an orange crane."", ""A man operates an orange crane.""]"
flickr30k_494,1160441615.jpg,/workspace/Semana4/Proyecto/data/processed/flickr30k_hf/images/1160441615.jpg,train,Three girls are walking across a bridge covered with wood and surrounded by trees.,,"[""Three girls are walking across a bridge covered with wood and surrounded by trees."", ""Three girls walk under an arbor on a path surrounded by trees."", ""Three women walk through a plant covered atrium hallway."", ""Three girls walking along an arched garden pathway."", ""Three women walking through a tunnel in a park.""]"
flickr30k_495,1160841776.jpg,/workspace/Semana4/Proyecto/data/processed/flickr30k_hf/images/1160841776.jpg,train,The view from a overlook at the public beach.,,"[""The view from a overlook at the public beach."", ""Many people are at a shallow blue beach."", ""People enjoying a sunny day at the beach"", ""Numerous people gathered at a beach."", ""A beach is full of many people.""]"
flickr30k_496,11610969.jpg,/workspace/Semana4/Proyecto/data/processed/flickr30k_hf/images/11610969.jpg,train,"A woman in a blue shirt with a blue bag passes by a large yard sale with colorful clothes, adults and children within.",,"[""A woman in a blue shirt with a blue bag passes by a large yard sale with colorful clothes, adults and children within."", ""People are gathered around and walking buy a display of clothing and other items."", ""People are shopping outside surrounded by a metal fence."", ""Various people shop at a street clothing sale."", ""A big outdoor market along a fence.""]"
flickr30k_497,1161159603.jpg,/workspace/Semana4/Proyecto/data/processed/flickr30k_hf/images/1161159603.jpg,train,A man standing up in a boat paddling toward a shore lined with furniture and other large objects.,,"[""A man standing up in a boat paddling toward a shore lined with furniture and other large objects."", ""Man in stand up primitive canoe paddling in urban congested and contaminated area."", ""ON a shantytown lined river, a man in a red shirt paddles a boat while standing."", ""Man paddling a boat on a river near the bank."", ""Man in a boat looking at a disaster.""]"
flickr30k_498,1162606352.jpg,/workspace/Semana4/Proyecto/data/processed/flickr30k_hf/images/1162606352.jpg,train,An Asian woman and an African American woman are displaying their culinary dishes.,,"[""An Asian woman and an African American woman are displaying their culinary dishes."", ""Two women stand together holding a pot and a pan of food."", ""Two girls with pots show off their cooking."", ""Friend show you what they have cooked."", ""Two women are cooking together""]"
flickr30k_499,1163282319.jpg,/workspace/Semana4/Proyecto/data/processed/flickr30k_hf/images/1163282319.jpg,train,"A little girl with a red hood and shirt is sitting with legs sprawled on a rock, her mouth open.",,"[""A little girl with a red hood and shirt is sitting with legs sprawled on a rock, her mouth open."", ""A girl dressed in a red top, a red cap, and light colored shorts, sits on a rock outside."", ""A young girl wearing yellow flip-flops is sitting on a large boulder."", ""A little girl in a red hat and yellow flip-flops sits on a rock."", ""The little girl sits on top of a rock.""]"
flickr30k_500,1163297375.jpg,/workspace/Semana4/Proyecto/data/processed/flickr30k_hf/images/1163297375.jpg,train,Blond woman driving a red bicycle carriage holds the tip of her hat and poses for the camera with a customer seated in the back.,,"[""Blond woman driving a red bicycle carriage holds the tip of her hat and poses for the camera with a customer seated in the back."", ""A girl wearing a striped shirt, plaid shorts, and a baseball hat is on a bike, pulling a man in a red cart with a black top."", ""A blond girl in plaid shorts is driving a bearded man around the city in a bicycle taxi."", ""A woman with a baseball cap on riding a bike while pulling a man sitting in a cart."", ""A girl driving a Rickshaw at night with a man as her passenger.""]"
flickr30k_501,116337803.jpg,/workspace/Semana4/Proyecto/data/processed/flickr30k_hf/images/116337803.jpg,train,A young woman is stirring something in a pot while a young boy wearing a flowered apron stands by her.,,"[""A young woman is stirring something in a pot while a young boy wearing a flowered apron stands by her."", ""A boy in a flowered apron standing at a stove while a woman stirs a pot in the background."", ""A young boy in a flowered apron is helping his mother cook."", ""A young boy standing next to a woman is helping her cook."", ""A little boy in an apron helps his mother cook.""]"
flickr30k_502,1163438830.jpg,/workspace/Semana4/Proyecto/data/processed/flickr30k_hf/images/1163438830.jpg,train,"A woman carried a cake ito the room with three candles as another woman holding a flute glass of wine, holds up her hand.",,"[""A woman carried a cake ito the room with three candles as another woman holding a flute glass of wine, holds up her hand."", ""A young man is presenting another woman with a cake with three candles on top."", ""A woman bringing a birthday cake to another woman with a glass of wine."", ""Two young women celebrating a birthday with cake and wine."", ""Women celebrating a birthday with cake.""]"
flickr30k_503,116382784.jpg,/workspace/Semana4/Proyecto/data/processed/flickr30k_hf/images/116382784.jpg,train,Two Asian women and an Asian girl are sitting at a farmers market and are selling produce including yams.,,"[""Two Asian women and an Asian girl are sitting at a farmers market and are selling produce including yams."", ""The asian girl behind the fruit stand is having a surprised look to a camera."", ""A young village girl is making a funny face while buying goods at a market."", ""The woman with the hat is selling some fruits and root crops."", ""Surprised girl at a fruit stand.""]"
flickr30k_504,116409198.jpg,/workspace/Semana4/Proyecto/data/processed/flickr30k_hf/images/116409198.jpg,train,A mountaineer sits in the snow in front of a yellow tent under clear blue sky.,,"[""A mountaineer sits in the snow in front of a yellow tent under clear blue sky."", ""Person wearing a hooded jacket sitting on snow in front of a yellow tent."", ""Young man in hooded jacket sitting on snow in mountain area."", ""A man sitting near a tent in the snow and ice."", ""A man eats near a tent in the snow.""]"
flickr30k_505,1164131282.jpg,/workspace/Semana4/Proyecto/data/processed/flickr30k_hf/images/1164131282.jpg,train,A gray dog beside a black and white dog running in green grass.,,"[""A gray dog beside a black and white dog running in green grass."", ""Two dogs run along a grassy field while one bites the other."", ""Two dogs, playing in a field, wrestling with each other"", ""Two dogs are wrestling in a grassy field."", ""Two dogs wrestle in a field.""]"
flickr30k_506,116450583.jpg,/workspace/Semana4/Proyecto/data/processed/flickr30k_hf/images/116450583.jpg,train,A man in an orange safety vest kneels on a train track while repairing a passenger train.,,"[""A man in an orange safety vest kneels on a train track while repairing a passenger train."", ""A man in a safety vest is kneeling down and working on a train."", ""A man in an orange vest works on fixing a train."", ""A man in an orange vest is working on a train."", ""A repairman is working on a train.""]"
flickr30k_507,116457850.jpg,/workspace/Semana4/Proyecto/data/processed/flickr30k_hf/images/116457850.jpg,train,"Four men working putting a tree into the ground, two are looking away, while the other two are shoveling the tree into the ground.",,"[""Four men working putting a tree into the ground, two are looking away, while the other two are shoveling the tree into the ground."", ""Two workers holding up the tree look around, while the other two work hard with their shovels."", ""Workers in yellow safety vests plant a tree in a city walkway."", ""Five construction workers dig a hole to plant a tree."", ""Four road workers planting a tree.""]"
flickr30k_508,1164765687.jpg,/workspace/Semana4/Proyecto/data/processed/flickr30k_hf/images/1164765687.jpg,train,A man in a red shirt and glasses is bending down towards a small dog on a blanket with several stuffed animals.,,"[""A man in a red shirt and glasses is bending down towards a small dog on a blanket with several stuffed animals."", ""A man playing with his dog on the blanket on the floor."", ""A man in a red shirt is giving toys to a small dog."", ""A man playing with a black dog on a white blanket."", ""A man is playing tug-of-war with his dog.""]"
flickr30k_509,116482438.jpg,/workspace/Semana4/Proyecto/data/processed/flickr30k_hf/images/116482438.jpg,train,An elderly woman sits in a chair with a book and smiles at the pretty flowers in her room.,,"[""An elderly woman sits in a chair with a book and smiles at the pretty flowers in her room."", ""An elderly woman sitting in a rocking chair with a blanket and book in her lap."", ""An older lady is sitting on a flower chair reading a book."", ""Old lady sitting in a room full of flowers."", ""A grandmother sitting in her room.""]"
flickr30k_510,1165334998.jpg,/workspace/Semana4/Proyecto/data/processed/flickr30k_hf/images/1165334998.jpg,train,"At a martial arts demonstration, a few men in white uniforms stand atop one another, doing stunts.",,"[""At a martial arts demonstration, a few men in white uniforms stand atop one another, doing stunts."", ""5 athletes wearing white tops and white bottoms are doing a routine for an audience."", ""A five-person acrobatics troop performs a routine while spectators look on."", ""What people in white uniforms are doing a martial arts demonstration."", ""A crow watches as five people with \""Yong In Univ.\"" outfits perform.""]"
flickr30k_511,116569042.jpg,/workspace/Semana4/Proyecto/data/processed/flickr30k_hf/images/116569042.jpg,val,Construction workers standing on top of a piece of machinery.,,"[""Construction workers standing on top of a piece of machinery."", ""Two Rubbish men standing on theyre truck loading trash."", ""A blurry picture of a man in a blue shirt and hard hat."", ""A man in a white hat stands on top of a truck."", ""Two people are on top of the bed of a truck.""]"
flickr30k_512,116569046.jpg,/workspace/Semana4/Proyecto/data/processed/flickr30k_hf/images/116569046.jpg,train,Two men in hard hats on the roof of a building that is under construction.,,"[""Two men in hard hats on the roof of a building that is under construction."", ""Two men on a construction site with a one way sign in the foreground"", ""Construction workers standing outside looking at wires above them."", ""Two people with hard hats on standing on a brick wall."", ""Two construction workers on a bridge""]"
flickr30k_513,116626604.jpg,/workspace/Semana4/Proyecto/data/processed/flickr30k_hf/images/116626604.jpg,train,A boy in a blue shirt smiles as he sits with his red stuffed animal.,,"[""A boy in a blue shirt smiles as he sits with his red stuffed animal."", ""A child smiles while playing with his life-size elmo toy."", ""A happy young boy sits in a chair with a large Elmo doll."", ""A kid laughing as he is sitting next to a big Elmo."", ""A little boy sitting with a large Elmo doll.""]"
flickr30k_514,116664780.jpg,/workspace/Semana4/Proyecto/data/processed/flickr30k_hf/images/116664780.jpg,train,A young child in a striped sweatshirt brushes the hair of a younger child.,,"[""A young child in a striped sweatshirt brushes the hair of a younger child."", ""A small boy is brushing a baby's hair who has a blank facial expression."", ""A boy is combing a baby's hair with a brush."", ""A child is brushing an infant's hair."", ""Young boy brushing a baby's hair.""]"
flickr30k_515,1167144956.jpg,/workspace/Semana4/Proyecto/data/processed/flickr30k_hf/images/1167144956.jpg,train,A young man demonstrating his prowess in the martial arts for his girlfriend as she sits on a concrete wall that is part of a general seating area.,,"[""A young man demonstrating his prowess in the martial arts for his girlfriend as she sits on a concrete wall that is part of a general seating area."", ""Young man showing off by performing a karate move for surprised girl."", ""A young man is performing gymnastics to impress a young woman."", ""Showing one how to do a jump withe being watched."", ""A man practicing karate moves in the air.""]"
flickr30k_516,116734115.jpg,/workspace/Semana4/Proyecto/data/processed/flickr30k_hf/images/116734115.jpg,train,Man in dimly lit kitten cutting on the counter next to stove,,"[""Man in dimly lit kitten cutting on the counter next to stove"", ""Man slices food next to a gas oven in a dimly lit kitchen."", ""A man fixes food in his dark kitchen."", ""A man is chopping beside a stove."", ""A man eating in a messy kitchen.""]"
flickr30k_517,1167662968.jpg,/workspace/Semana4/Proyecto/data/processed/flickr30k_hf/images/1167662968.jpg,train,Closeup picture of a man with a nose ring and a brown shirt,,"[""Closeup picture of a man with a nose ring and a brown shirt"", ""A teenage boy has a silver ring protruding from his nose."", ""Young man with a nose ring and a hat."", ""A man in a red cap with a nose ring."", ""A guy with a nose piercing.""]"
flickr30k_518,1167669558.jpg,/workspace/Semana4/Proyecto/data/processed/flickr30k_hf/images/1167669558.jpg,train,The man in the yellow t-shirt is pulling a large grin on his face.,,"[""The man in the yellow t-shirt is pulling a large grin on his face."", ""A man wearing a yellow shirt with a dramatic look on his face"", ""There is a man, wearing a yellow shirt, and grimacing."", ""This man is smiling very big at the camera."", ""A man in yellow grimaces.""]"
flickr30k_519,11678931.jpg,/workspace/Semana4/Proyecto/data/processed/flickr30k_hf/images/11678931.jpg,train,A boy with a brown shirt is holding onto a person with a white shirt around a spray of water.,,"[""A boy with a brown shirt is holding onto a person with a white shirt around a spray of water."", ""A group of young people are playing in a fountain of water."", ""Friends having fun playing in the water geyser."", ""Several people are playing in the fountains."", ""People playing in a street fountain.""]"
flickr30k_520,1167908324.jpg,/workspace/Semana4/Proyecto/data/processed/flickr30k_hf/images/1167908324.jpg,test,A man standing in a bar with a neon beer sign hanging on the wall,,"[""A man standing in a bar with a neon beer sign hanging on the wall"", ""A man stands next to three video game machines and a beer sign."", ""A man stands next to a bank of computer gambling machines."", ""A man is standing by a group of video games in a bar."", ""A man stands next to three video machines.""]"
flickr30k_521,116862076.jpg,/workspace/Semana4/Proyecto/data/processed/flickr30k_hf/images/116862076.jpg,train,Woman with rolled up jeans throwing a frisbee on the beach.,,"[""Woman with rolled up jeans throwing a frisbee on the beach."", ""A woman is throwing a frisbee on the beach."", ""A woman on the beach throwing a frisbee."", ""A woman throwing a Frisbee on a beach."", ""A woman is throwing a frisbee on the beach.""]"
flickr30k_522,1169307342.jpg,/workspace/Semana4/Proyecto/data/processed/flickr30k_hf/images/1169307342.jpg,train,A big brown dog plays with a smaller gray dog on the grass.,,"[""A big brown dog plays with a smaller gray dog on the grass."", ""The dark brown dog is playing with the light brown dog."", ""Two dogs running and playing rough in the grass."", ""Two brown dogs are running through the grass."", ""Two brown dogs run side by side.""]"
flickr30k_523,116976749.jpg,/workspace/Semana4/Proyecto/data/processed/flickr30k_hf/images/116976749.jpg,train,Metal worker in protective gear and welding face mask works on weld.,,"[""Metal worker in protective gear and welding face mask works on weld."", ""A person wearing something gray while fixing a yellow and gray wall."", ""A man with a blowtorch is doing repair work on a wall."", ""A guy wearing protective gear is welding a steel beam."", ""Man using a sander to remove rust of metal.""]"
flickr30k_524,1170586898.jpg,/workspace/Semana4/Proyecto/data/processed/flickr30k_hf/images/1170586898.jpg,train,"Three men, each wearing a white shirt and orange shorts, build a sand castle while another man, wearing the same clothing, looks on.",,"[""Three men, each wearing a white shirt and orange shorts, build a sand castle while another man, wearing the same clothing, looks on."", ""Man in orange shorts builds a sand castle, combining multiple pictures into one resulting in four copies of him."", ""Several men dressed in white and red and building sand castles at the beach."", ""Men build castle-like sculptures out of dark sand by the shore."", ""Men building a sand castle in shallow water.""]"
flickr30k_525,1172514641.jpg,/workspace/Semana4/Proyecto/data/processed/flickr30k_hf/images/1172514641.jpg,train,Two people are standing on the slopes of a mountain and they have a dog with them.,,"[""Two people are standing on the slopes of a mountain and they have a dog with them."", ""A man, his little son and their dog going for a walk in the mountains."", ""Two men and a white dog stand in a meadow near a steep hill."", ""Two men and a dog are standing among rolling green hills."", ""A father and son are enjoying wide open fields.""]"
flickr30k_526,117430422.jpg,/workspace/Semana4/Proyecto/data/processed/flickr30k_hf/images/117430422.jpg,train,A group of people walk on the sidewalk outside of an AMC movie theater.,,"[""A group of people walk on the sidewalk outside of an AMC movie theater."", ""A group of people walking on a street in front of an AMC building."", ""A man in a white shirt and another man in a green pant walking."", ""There are people walking on the sidewalk on a beautiful day."", ""Men and women walking down the sidewalk.""]"
flickr30k_527,117478651.jpg,/workspace/Semana4/Proyecto/data/processed/flickr30k_hf/images/117478651.jpg,train,Closeup of man with glasses blowing a bubble gum bubble in a dimly lit room with a faint ceiling light in the background.,,"[""Closeup of man with glasses blowing a bubble gum bubble in a dimly lit room with a faint ceiling light in the background."", ""A balding man with glasses is blowing a bubble gum bubble in a dimly lit room."", ""A man wearing glasses is blowing a bubble out of bubble gum in a house."", ""A white male wearing glasses is blowing a bubble in a house."", ""A man in glasses is blowing a bubble with bubble gum.""]"
flickr30k_528,1175268298.jpg,/workspace/Semana4/Proyecto/data/processed/flickr30k_hf/images/1175268298.jpg,train,A young student receives fencing instruction from his kneeling teacher while a potential opponent and a woman gaze behind them.,,"[""A young student receives fencing instruction from his kneeling teacher while a potential opponent and a woman gaze behind them."", ""A young boy holds a sword and fence with a dummy holding a similar thin sword."", ""An adult shows a young child a fencing outfit which is set up on a tree."", ""Young boy fences with a dummy in a wooded setting while others pass by."", ""People enjoying the grand outdoors.""]"
flickr30k_529,1176580356.jpg,/workspace/Semana4/Proyecto/data/processed/flickr30k_hf/images/1176580356.jpg,train,The brown and black dog is jumping up to catch a red ball.,,"[""The brown and black dog is jumping up to catch a red ball."", ""A brown and black dog is jumping to catch a red ball."", ""A brown and black dog jumps for a red ball."", ""Dog jumps to get orange ball on his head."", ""A big dog catches a ball on his nose""]"
flickr30k_530,1177949654.jpg,/workspace/Semana4/Proyecto/data/processed/flickr30k_hf/images/1177949654.jpg,train,"One black female and one white female plus three white males, all wearing forms of black, in front of a concrete stair structure with other people sitting on the stairs.",,"[""One black female and one white female plus three white males, all wearing forms of black, in front of a concrete stair structure with other people sitting on the stairs."", ""Several people are around the steps of a building performing many different activities while wearing white and black clothing."", ""A man and two women wearing all black act out a scene in front of a building with steps."", ""Four people in black pants stand in front of a museum."", ""A group of people wearing black stretch.""]"
flickr30k_531,1177994172.jpg,/workspace/Semana4/Proyecto/data/processed/flickr30k_hf/images/1177994172.jpg,train,"Two blond boys, one in a camouflage shirt and the other in blue, are having a water fight.",,"[""Two blond boys, one in a camouflage shirt and the other in blue, are having a water fight."", ""Two children wearing jeans squirt water at each other."", ""Two young boys are squirting water at each other."", ""Two boys are squirting water guns at each other."", ""Two boys spraying each other with water""]"
flickr30k_532,1178705300.jpg,/workspace/Semana4/Proyecto/data/processed/flickr30k_hf/images/1178705300.jpg,train,A brown dog jumping into a pool after a bloe ball.,,"[""A brown dog jumping into a pool after a bloe ball."", ""A tan colored dog is jumping into an outdoor pool."", ""A tan colored dog leaps into the inground pool."", ""A dog in the air above the swimming pool."", ""A dog jumps into a backyard pool.""]"
flickr30k_533,117883760.jpg,/workspace/Semana4/Proyecto/data/processed/flickr30k_hf/images/117883760.jpg,train,"A Mac laptop, open, on top of a blue chair in a room with a group of people sitting in a semicircle around it.",,"[""A Mac laptop, open, on top of a blue chair in a room with a group of people sitting in a semicircle around it."", ""A group of people in business casual clothes sitting on blue chairs arranged in a circle around a laptop."", ""Group of people sitting in a circle, with a laptop in the middle"", ""People sitting in a circle with a book in the middle."", ""Group counseling session listening to computer.""]"
flickr30k_534,1179086155.jpg,/workspace/Semana4/Proyecto/data/processed/flickr30k_hf/images/1179086155.jpg,train,"A man, a woman and a little girl stand on the beach by the water's edge dressed in formal attire suitable for a wedding.",,"[""A man, a woman and a little girl stand on the beach by the water's edge dressed in formal attire suitable for a wedding."", ""Couple, man and woman, with little girl all of them dressed in wedding apparel while standing along shoreline."", ""A man, woman and little girl standing on the beach in dress clothing."", ""Formal dressed man, woman and child standing on a beach."", ""Family on beach looking at the ocean after a wedding.""]"
flickr30k_535,117919518.jpg,/workspace/Semana4/Proyecto/data/processed/flickr30k_hf/images/117919518.jpg,train,A man leans against a rock pillar with his back to an ongoing parade decorated with white and pink balloon arch.,,"[""A man leans against a rock pillar with his back to an ongoing parade decorated with white and pink balloon arch."", ""A man in a blue t-shirt and blue jeans sitting on a fence in a crowded park"", ""Lots of people walking under a awning of pink and white balloons"", ""A man wearing a blue t-shirt and jeans is sitting on a fence."", ""People are outside walking.""]"
flickr30k_536,1179226886.jpg,/workspace/Semana4/Proyecto/data/processed/flickr30k_hf/images/1179226886.jpg,train,Five girls and one boy are in their swimsuits all in the middle of jumping into the pool.,,"[""Five girls and one boy are in their swimsuits all in the middle of jumping into the pool."", ""A line of six children in bathing suits prepare to leap into a swimming pool."", ""Children standing poolside are preparing to jump into the water."", ""Six children, boys and girls, jumping into a swimming pool."", ""Six adolescent children are jumping into a pool together.""]"
flickr30k_537,117956563.jpg,/workspace/Semana4/Proyecto/data/processed/flickr30k_hf/images/117956563.jpg,train,"Restaurant workers smile as they take a break, gathered around a huge copper bowl in the kitchen.",,"[""Restaurant workers smile as they take a break, gathered around a huge copper bowl in the kitchen."", ""Two bakery employees wearing red aprons are preparing food."", ""A group of restaurant workers and a large copper bowl."", ""Three black men in aprons are working in a restaurant."", ""Three workers smiling in a restaurant setting.""]"
flickr30k_538,11808546.jpg,/workspace/Semana4/Proyecto/data/processed/flickr30k_hf/images/11808546.jpg,train,A little boy with a pacifier in his mouth stands in a park with a goose.,,"[""A little boy with a pacifier in his mouth stands in a park with a goose."", ""A little child with a red cap and a duck are in the grass."", ""A child looking at camera and bird in background"", ""The little boy is in the park near a duck."", ""A young boy was watching a goose.""]"
flickr30k_539,1181708011.jpg,/workspace/Semana4/Proyecto/data/processed/flickr30k_hf/images/1181708011.jpg,test,A woman in a green tank top looking at a drill while a crowd looks on.,,"[""A woman in a green tank top looking at a drill while a crowd looks on."", ""A woman using a power drill in front of a group of people."", ""A woman uses a drill while another man takes her picture."", ""A woman, in a teal tank top, holding a power drill."", ""Spectators about to watch a woman use a drill.""]"
flickr30k_540,118187095.jpg,/workspace/Semana4/Proyecto/data/processed/flickr30k_hf/images/118187095.jpg,train,Twin toddlers dressed alike being pushed in plastic car strollers in a parade,,"[""Twin toddlers dressed alike being pushed in plastic car strollers in a parade"", ""Twin boys being pushed in small car shaped strollers in a parade"", ""Two kids being pushed in car shaped strollers in a parade."", ""Parents are pushing little children in red car carts."", ""Two children ride in toy cars.""]"
flickr30k_541,1182733666.jpg,/workspace/Semana4/Proyecto/data/processed/flickr30k_hf/images/1182733666.jpg,train,"Four men, one in a long blue robe, looking like they are doing laundry in a muddy pit in a 3rd world country.",,"[""Four men, one in a long blue robe, looking like they are doing laundry in a muddy pit in a 3rd world country."", ""One man in a blue shirt is operating a watering hose and another man in a brown shirt is moving tarps."", ""Four men use hoses to pour water while in an austere environment."", ""Men filling concrete basins with water and canvas like material."", ""Four men that appear to excavating old ruins.""]"
flickr30k_542,118309463.jpg,/workspace/Semana4/Proyecto/data/processed/flickr30k_hf/images/118309463.jpg,train,A small boy smiles as he stands with others wearing the same black hats.,,"[""A small boy smiles as he stands with others wearing the same black hats."", ""The boys are all wearing the same baseball hats."", ""Children sporting their Florida Dolphin caps."", ""A boys baseball team wear their uniforms."", ""Three boys wearing Florida Marlins hats.""]"
flickr30k_543,1184340890.jpg,/workspace/Semana4/Proyecto/data/processed/flickr30k_hf/images/1184340890.jpg,train,A family coming back from shopping and a gentlemen is reading his newspaper to the side of the street.,,"[""A family coming back from shopping and a gentlemen is reading his newspaper to the side of the street."", ""Three men and two women walk down an outdoor hallway past a man sitting on a step reading a newspaper."", ""An old man is sitting on a stoop while people walk towards him with groceries."", ""An old man is reading the paper despite crushing feelings of loneliness."", ""A group of people walks home carrying plastic shopping bags.""]"
flickr30k_544,1184440714.jpg,/workspace/Semana4/Proyecto/data/processed/flickr30k_hf/images/1184440714.jpg,train,"Two teenage girls jumping in a yard, with a two story brown building in the background, while holding each others right hand.",,"[""Two teenage girls jumping in a yard, with a two story brown building in the background, while holding each others right hand."", ""Two young teenage girls, both wearing jeans, are holding hands and simultaneously jumping in the air in a grassy area."", ""Two white teenage girls are holding hands while jumping up into the air."", ""Two women holding hands in the air while jumping."", ""Two girls are shaking hands whilst in midair.""]"
flickr30k_545,1184910489.jpg,/workspace/Semana4/Proyecto/data/processed/flickr30k_hf/images/1184910489.jpg,train,A woman with a red sleeveless top and a long black skirt holding one young child in her arm and holding another young child by the hand as she walks along.,,"[""A woman with a red sleeveless top and a long black skirt holding one young child in her arm and holding another young child by the hand as she walks along."", ""A woman carries a child in her arm and holds another child's hand as they walk outside next to a building."", ""A woman with two kids walks towards a building."", ""A woman in a dress with two children."", ""A woman walking with two children.""]"
flickr30k_546,1184967930.jpg,/workspace/Semana4/Proyecto/data/processed/flickr30k_hf/images/1184967930.jpg,train,A brown dog running through the grass and flowers.,,"[""A brown dog running through the grass and flowers."", ""A dog running in a field of grass and flowers."", ""A dog running in shrubbery along a stream."", ""A dog walks through a field."", ""A dog in a field.""]"
flickr30k_547,1186128541.jpg,/workspace/Semana4/Proyecto/data/processed/flickr30k_hf/images/1186128541.jpg,train,A woman in a white hat is conversing with another woman with a bike on a busy street.,,"[""A woman in a white hat is conversing with another woman with a bike on a busy street."", ""A busy street with lots of people standing around talking and two are holding bikes."", ""Two woman are standing next to each other, one holding onto a bicycle."", ""Two woman stop and talk in the downtown area."", ""People walking around at a downtown festival.""]"
flickr30k_548,1186391461.jpg,/workspace/Semana4/Proyecto/data/processed/flickr30k_hf/images/1186391461.jpg,train,Colored woman rolling a bowling ball down an alley.,,"[""Colored woman rolling a bowling ball down an alley."", ""A woman in a white shirt and black pants bowling."", ""A woman throwing a ball down a bowling alley."", ""Woman rolling a ball down a bowling alley."", ""A woman in a sheer white top is bowling.""]"
flickr30k_549,118647903.jpg,/workspace/Semana4/Proyecto/data/processed/flickr30k_hf/images/118647903.jpg,train,"Two soccer players, one wearing a white uniform and the other in red, try to reach the soccer ball first.",,"[""Two soccer players, one wearing a white uniform and the other in red, try to reach the soccer ball first."", ""A soccer player in a red uniform goes after the ball, fending off a player in white."", ""Two soccer players, one in red, the other in white, racing towards a soccer ball."", ""Two male soccer players on opposing teams are trying to get the soccer ball."", ""Two football players chase after a the ball.""]"
flickr30k_550,1186603607.jpg,/workspace/Semana4/Proyecto/data/processed/flickr30k_hf/images/1186603607.jpg,train,Eleven men and women in cotton shirts and denim pants walk uphill along a shaded forest trail.,,"[""Eleven men and women in cotton shirts and denim pants walk uphill along a shaded forest trail."", ""A small group of people hikes through a forest during the day."", ""A group of people dressed casually are walking in the woods."", ""A group of people walking up a trail in a wooded area."", ""A group of people walking down a trail in the woods.""]"
flickr30k_551,118667747.jpg,/workspace/Semana4/Proyecto/data/processed/flickr30k_hf/images/118667747.jpg,train,There are three young boys playing in a public park with a red ball.,,"[""There are three young boys playing in a public park with a red ball."", ""Three children are playing with a red ball in a park."", ""Three young boys playing with a ball in the park."", ""Three little boys playing with a ball in a park."", ""Three boys playing ball outside.""]"
flickr30k_552,118668756.jpg,/workspace/Semana4/Proyecto/data/processed/flickr30k_hf/images/118668756.jpg,train,A little boy wearing a purple shirt and blue jeans kicking a ball on the grass.,,"[""A little boy wearing a purple shirt and blue jeans kicking a ball on the grass."", ""A child in jeans and dark shirt kicks a colorful ball outside."", ""A young male is kicking a multicolored ball."", ""A little boy kicking a rubber ball."", ""A small child kicking a ball.""]"
flickr30k_553,1187077747.jpg,/workspace/Semana4/Proyecto/data/processed/flickr30k_hf/images/1187077747.jpg,train,This picture of a man reading is tilted.,,"[""This picture of a man reading is tilted."", ""A man looks at a book on a sunny day."", ""A man is reading a small book."", ""A man reading a book outside."", ""Man reading book outdoors.""]"
flickr30k_554,118707970.jpg,/workspace/Semana4/Proyecto/data/processed/flickr30k_hf/images/118707970.jpg,train,A man in a blue workers outfit with a yellow construction hat examines the side of a brick building from the top of a ladder.,,"[""A man in a blue workers outfit with a yellow construction hat examines the side of a brick building from the top of a ladder."", ""A man with a yellow hard hat is standing on a ladder that is leaned up against a building."", ""A man is standing at the top of a ladder against a building."", ""A man on a ladder wearing blue jacket and a blue jeans"", ""A man is high about doing work on a building.""]"
flickr30k_555,118708295.jpg,/workspace/Semana4/Proyecto/data/processed/flickr30k_hf/images/118708295.jpg,train,Construction workers wearing bright orange suits are working on a road in the rain.,,"[""Construction workers wearing bright orange suits are working on a road in the rain."", ""Three road workers in orange jackets and pants clean up with a wheelbarrow."", ""Three construction workers dressed in bright orange are working on a road."", ""Three people wearing reflective clothing are working on the street."", ""Three men wearing orange coats working on a street.""]"
flickr30k_556,118717792.jpg,/workspace/Semana4/Proyecto/data/processed/flickr30k_hf/images/118717792.jpg,train,"A festival is going on right outside a lake, with several drummers in red shirts and a man on stilts playing the drums.",,"[""A festival is going on right outside a lake, with several drummers in red shirts and a man on stilts playing the drums."", ""A group of people wearing red shirts and holding drums is being photographed at the boardwalk."", ""A group of people in red play the drums while a performer walks on stilts by the river."", ""A man on stilts stands in front of a line of drummers."", ""A crowd of people in a parade.""]"
flickr30k_557,1187252153.jpg,/workspace/Semana4/Proyecto/data/processed/flickr30k_hf/images/1187252153.jpg,train,A man in a white shirt with hot pads on is holding a tray with a variety of breads with a wooden fence behind him.,,"[""A man in a white shirt with hot pads on is holding a tray with a variety of breads with a wooden fence behind him."", ""A young guy, probably in his early twenties, shows off his culinary skills with pride."", ""A blond man shows off his freshly baked bread with a wide smile."", ""A teenage boy stands in a backyard holding a tray of bread."", ""A man shows what he has baked.""]"
flickr30k_558,1187435567.jpg,/workspace/Semana4/Proyecto/data/processed/flickr30k_hf/images/1187435567.jpg,train,A small dog plays with a toy on top of a white blanket.,,"[""A small dog plays with a toy on top of a white blanket."", ""A small, shaggy dog playing with a toy on a blanket."", ""A small brown and black dog playing with a toy"", ""Terrier dog playing with toy on blanket"", ""A small brown and black dog""]"
flickr30k_559,1187593464.jpg,/workspace/Semana4/Proyecto/data/processed/flickr30k_hf/images/1187593464.jpg,train,A dog running across a grassy field with a stick in its mouth.,,"[""A dog running across a grassy field with a stick in its mouth."", ""A big tan dog runs on grass with a big stick in his mouth."", ""A dog runs toward the camera with a stick in its mouth."", ""The dog carrying a long stick in its mouth."", ""A dog running with a stick in his mouth""]"
flickr30k_560,118771635.jpg,/workspace/Semana4/Proyecto/data/processed/flickr30k_hf/images/118771635.jpg,train,A girl wearing glasses and a brown plaid long-sleeved shirt holds a cup and looks through a book with people photographs and text.,,"[""A girl wearing glasses and a brown plaid long-sleeved shirt holds a cup and looks through a book with people photographs and text."", ""A woman with brown hair and wearing a brown shirt has a drink while perusing a book with photographs of people in it."", ""A person in a plaid shirt reading a book and having a beverage."", ""A hip person reading a magazine while enjoying a beverage."", ""A boy with glasses and plaid shirt reads a book.""]"
flickr30k_561,1187993157.jpg,/workspace/Semana4/Proyecto/data/processed/flickr30k_hf/images/1187993157.jpg,train,"In a park, a boy is bent to read the tree description, and a girl is standing nearby waiting for him.",,"[""In a park, a boy is bent to read the tree description, and a girl is standing nearby waiting for him."", ""A young man looks at a book on the ground in a wooded area."", ""A boy and a girl doing something in the woods."", ""A young boy plays outdoors in the woods."", ""A boy is playing outside.""]"
flickr30k_565,118865844.jpg,/workspace/Semana4/Proyecto/data/processed/flickr30k_hf/images/118865844.jpg,test,A woman wearing a pink sweater and eyeglasses is wiping a wooden table with a pink sponge.,,"[""A woman wearing a pink sweater and eyeglasses is wiping a wooden table with a pink sponge."", ""A woman in a pink sweater and an apron, cleaning a table with a sponge."", ""A lady with blond-hair and glasses works hard to clean up her table."", ""A woman in a pink sweater cleaning a dining table."", ""A woman in a pink shirt cleaning a wooden table.""]"
flickr30k_608,1206506157.jpg,/workspace/Semana4/Proyecto/data/processed/flickr30k_hf/images/1206506157.jpg,val,Two dogs are playing rough in a green field of grass.,,"[""Two dogs are playing rough in a green field of grass."", ""On grass, two brown dogs tussle for orange toy."", ""Two dogs play with an orange toy in tall grass."", ""Two large brown dogs are playing in the grass."", ""Dogs fight in grass over toy.""]"
flickr30k_610,120764850.jpg,/workspace/Semana4/Proyecto/data/processed/flickr30k_hf/images/120764850.jpg,val,A baby on the floor laughing at an older another child.,,"[""A baby on the floor laughing at an older another child."", ""An older sibling and a baby in the living room."", ""A cute baby is smiling at another child."", ""A boy looks on as a baby laughs."", ""Toddler playing with baby.""]"
flickr30k_615,121178216.jpg,/workspace/Semana4/Proyecto/data/processed/flickr30k_hf/images/121178216.jpg,test,A man on a utility lift is standing in the tree branches.,,"[""A man on a utility lift is standing in the tree branches."", ""This man bravely cuts down trees on the job."", ""A man in black pants cutting bushes."", ""Man on crane cutting tree branches."", ""A man cutting branches of trees.""]"
flickr30k_628,121556607.jpg,/workspace/Semana4/Proyecto/data/processed/flickr30k_hf/images/121556607.jpg,val,Three men in cold-weather styled clothing walking down a road.,,"[""Three men in cold-weather styled clothing walking down a road."", ""Three men are walking down a road with trees along the edges."", ""Three men walking down a road surrounded by a forest."", ""Three men are walking on a road in the mountains."", ""Three men are walking down a road.""]"
flickr30k_630,1215804065.jpg,/workspace/Semana4/Proyecto/data/processed/flickr30k_hf/images/1215804065.jpg,val,Someone parasailing with a green parachute that has a face on the top of it,,"[""Someone parasailing with a green parachute that has a face on the top of it"", ""A person is parasailing over a large body of water."", ""A boat is towing a person in a bright green parachute."", ""A person soars in a parachute close to a beach."", ""A person is parasailing near a beach.""]"
flickr30k_654,12252043.jpg,/workspace/Semana4/Proyecto/data/processed/flickr30k_hf/images/12252043.jpg,test,Four young Asian boys hold bowls and chopsticks as they stand around a barbecue.,,"[""Four young Asian boys hold bowls and chopsticks as they stand around a barbecue."", ""Group of Asian boys wait for meat to cook over barbecue."", ""Four young boys are standing around a grill."", ""Four young teens having fun at a cookout."", ""A group of asians smiling and eating.""]"
flickr30k_661,1229536824.jpg,/workspace/Semana4/Proyecto/data/processed/flickr30k_hf/images/1229536824.jpg,test,Native Americans are dressed up in native clothing and are participating in an activity together.,,"[""Native Americans are dressed up in native clothing and are participating in an activity together."", ""Three people are dressed in costumes and playing musical instruments."", ""Women, wearing traditional clothing, are reenacting native life."", ""A tribal performance of dance and song of three individuals."", ""The indian's are performing a sacred dance.""]"
flickr30k_669,123244147.jpg,/workspace/Semana4/Proyecto/data/processed/flickr30k_hf/images/123244147.jpg,val,A constructions site on the side of the mountain with a bulldozer digging in the ground that is all dirt,,"[""A constructions site on the side of the mountain with a bulldozer digging in the ground that is all dirt"", ""A tractor is moving dirt to help build up a retaining wall."", ""A construction vehicle on a hill of dirt."", ""This machine is working in the dirt."", ""A yellow tractor sits on a hillside.""]"
flickr30k_670,123314995.jpg,/workspace/Semana4/Proyecto/data/processed/flickr30k_hf/images/123314995.jpg,test,A man holding another man by the back of the head about to punch him in the face.,,"[""A man holding another man by the back of the head about to punch him in the face."", ""A man in red shirt displays his fighting technique on another man in gray shirt."", ""One man holds another man's head down and prepares to punch him in the face."", ""A man stands in striking position while holding his opponent's head."", ""A strong man is hitting to a person.""]"
flickr30k_681,1235099089.jpg,/workspace/Semana4/Proyecto/data/processed/flickr30k_hf/images/1235099089.jpg,val,A young girl in dark shorts and a blue tank top runs on the grass near an orange cone and tape.,,"[""A young girl in dark shorts and a blue tank top runs on the grass near an orange cone and tape."", ""A young lady wearing blue and black is running past an orange cone."", ""A young woman running by an orange ribbon."", ""A young girl running by herself in a park."", ""A girl in a blue tank top winning a race.""]"
flickr30k_694,123866385.jpg,/workspace/Semana4/Proyecto/data/processed/flickr30k_hf/images/123866385.jpg,val,A red liquids travels down a grate as it leaks across a street.,,"[""A red liquids travels down a grate as it leaks across a street."", ""A person crosses the street and avoids the spill of paint."", ""A closeup of a person walking across the street."", ""An oil stained sidewalk with a walker next to it"", ""A person is crossing the street.""]"
flickr30k_734,1250181412.jpg,/workspace/Semana4/Proyecto/data/processed/flickr30k_hf/images/1250181412.jpg,test,Six people ride mountain bikes through a jungle environment.,,"[""Six people ride mountain bikes through a jungle environment."", ""Men, surrounded by nature, are riding mountain bikes."", ""There are six men mountain biking in a forest terrain."", ""Six People riding bikes on a trail in the forest."", ""A group of people is bike riding in the woods.""]"
flickr30k_748,1253095131.jpg,/workspace/Semana4/Proyecto/data/processed/flickr30k_hf/images/1253095131.jpg,test,Two blond women sit outside as people walk by wearing casual clothing and some wearing bookbags.,,"[""Two blond women sit outside as people walk by wearing casual clothing and some wearing bookbags."", ""Two females in a sitting down in a highly populated area."", ""2 blond girls are sitting on a ledge in a crowded plaza."", ""A large number of people walk or rest near a fountain."", ""Two women have a seat in a busy metropolitan area.""]"
flickr30k_754,1255504166.jpg,/workspace/Semana4/Proyecto/data/processed/flickr30k_hf/images/1255504166.jpg,test,A small child in water with a splash encircling him while the white clouds float over the mountains.,,"[""A small child in water with a splash encircling him while the white clouds float over the mountains."", ""A little boy is playing in the water with a beautiful sunset and mountains in the background."", ""A young boy plays in the water with the mountains in the background."", ""A child is splashing in the water"", ""A boy playing in a lake""]"
flickr30k_760,1258913059.jpg,/workspace/Semana4/Proyecto/data/processed/flickr30k_hf/images/1258913059.jpg,test,Three people sit at an outdoor table in front of a building painted like the Union Jack.,,"[""Three people sit at an outdoor table in front of a building painted like the Union Jack."", ""Three people sit at a picnic table outside of a building painted like a union jack."", ""Three people are sitting at an outside picnic bench with an umbrella."", ""A couple of people sit outdoors at a table with an umbrella and talk."", ""Three people sit at an outdoor cafe.""]"
flickr30k_762,126042604.jpg,/workspace/Semana4/Proyecto/data/processed/flickr30k_hf/images/126042604.jpg,val,A young boy wearing a white shirt is dangling from the monkey bars.,,"[""A young boy wearing a white shirt is dangling from the monkey bars."", ""Child playing on a playground, hanging from bars."", ""A yelling child plays on blue monkey bars."", ""Boy hanging on a jungle-gym at the park"", ""A boy is hanging on monkey bars.""]"
flickr30k_816,1277949368.jpg,/workspace/Semana4/Proyecto/data/processed/flickr30k_hf/images/1277949368.jpg,val,A tall gray pole behind which a person wearing an orange shirt is perched on the wall and hiding his or her face with one hand.,,"[""A tall gray pole behind which a person wearing an orange shirt is perched on the wall and hiding his or her face with one hand."", ""A person wearing a red long-sleeved shirt is lying down on a wall in front of a lamp post in a very unusual manner."", ""A man in an orange sweater and dark pants lies on a white wall next to a lamp post."", ""A man in an orange shirt is laying curled up on a concrete ledge behind a pole."", ""A person with a long-sleeve red shirt laying on a ledge.""]"
flickr30k_828,1281282435.jpg,/workspace/Semana4/Proyecto/data/processed/flickr30k_hf/images/1281282435.jpg,test,Some young men looking over the edge of a bridge on a sunny day.,,"[""Some young men looking over the edge of a bridge on a sunny day."", ""The boys are having fun jumping off the bridge into the water."", ""3 boys are standing on a pier in their bathing suits."", ""A man is sitting on a wooden guard rail at a beach."", ""Boys look over a bridge on to a lake.""]"
flickr30k_843,128452798.jpg,/workspace/Semana4/Proyecto/data/processed/flickr30k_hf/images/128452798.jpg,val,A kid is pulling a man trying to get him to do something in front of a crowd of people.,,"[""A kid is pulling a man trying to get him to do something in front of a crowd of people."", ""A large crowd of people encircles a child wearing a hat and a man in a dress suit."", ""A crowd of people are watching a little boy and a man struggle over a case."", ""A man and a boy each grasp a small black bag in their outstretched arms."", ""A group of people collect around a man in a suit and a little boy.""]"
flickr30k_856,1287704027.jpg,/workspace/Semana4/Proyecto/data/processed/flickr30k_hf/images/1287704027.jpg,test,A woman wearing a short-sleeved striped shirt and carrying a green shopping bag examines fish in an open air market while a vendor in a white apron over a gray t-shirt hands her an empty plastic bag.,,"[""A woman wearing a short-sleeved striped shirt and carrying a green shopping bag examines fish in an open air market while a vendor in a white apron over a gray t-shirt hands her an empty plastic bag."", ""An employee is handing a woman a bag while she is browsing through fish on ice at a street market."", ""A woman at a fish market is looking at the fish that are frozen."", ""The woman is at marketplace buying fish from an Arabic person."", ""A lady in a striped shirt is shopping at a fish market.""]"
flickr30k_887,1295476404.jpg,/workspace/Semana4/Proyecto/data/processed/flickr30k_hf/images/1295476404.jpg,test,A female harp player peers through the middle of her instrument while performing.,,"[""A female harp player peers through the middle of her instrument while performing."", ""A lady with dark hair is playing a harp."", ""A pretty woman plays a harpsichord."", ""A smiling woman playing the harp."", ""A woman playing a harp.""]"
flickr30k_900,1296770308.jpg,/workspace/Semana4/Proyecto/data/processed/flickr30k_hf/images/1296770308.jpg,val,"There a several people in a dark bar-type room, including one girl on a stool.",,"[""There a several people in a dark bar-type room, including one girl on a stool."", ""A girl sitting in a dark bar."", ""Dark nightclub with chairs."", ""A girl sits on a bar stool."", ""A woman sits at a dark bar.""]"
flickr30k_906,129860826.jpg,/workspace/Semana4/Proyecto/data/processed/flickr30k_hf/images/129860826.jpg,test,A security officer with a tiny face and big glasses leans on a metal gate looking into the camera.,,"[""A security officer with a tiny face and big glasses leans on a metal gate looking into the camera."", ""Outside a building, a uniformed security guard looks at the camera from behind a fence."", ""A customs officer leaning on a bike rack outside of an office building."", ""An officer squints directly at the camera as he leans on a metal bar."", ""Park Ranger looking very stern today""]"
flickr30k_917,130063845.jpg,/workspace/Semana4/Proyecto/data/processed/flickr30k_hf/images/130063845.jpg,test,A girl wearing a black t-shirt is holding a small pizza in a kitchen setting.,,"[""A girl wearing a black t-shirt is holding a small pizza in a kitchen setting."", ""Woman who just took pizza out of the oven and can't wait to eat it."", ""Latin woman shows off homemade pizza in kitchen."", ""A young woman is ready to eat the pizza."", ""The young lady is looking at the pizza.""]"
flickr30k_949,1306755031.jpg,/workspace/Semana4/Proyecto/data/processed/flickr30k_hf/images/1306755031.jpg,val,Pedestrians walk through an open area between several traditional-style Japanese or Chinese buildings.,,"[""Pedestrians walk through an open area between several traditional-style Japanese or Chinese buildings."", ""An area in japan which appears to be extremely crowded, with many people of whom look like tourists."", ""Many people are walking in a plaza with buildings of Asian architecture."", ""People are walking down a sidewalk where there is an outdoors market."", ""A crowd of people fills a square in front of a pagoda.""]"
flickr30k_972,1313869424.jpg,/workspace/Semana4/Proyecto/data/processed/flickr30k_hf/images/1313869424.jpg,test,"A shirtless man is fishing, standing on large rocks that rest next to a boardwalk with a tall lamp post in the forefront.",,"[""A shirtless man is fishing, standing on large rocks that rest next to a boardwalk with a tall lamp post in the forefront."", ""A shirtless man in shorts is fishing while standing on some rocks."", ""A shirtless man in jean shorts fishing off the rocks."", ""A solitary fisherman stands along a riverbank."", ""A man with no shirt fishing.""]"
flickr30k_973,1313961775.jpg,/workspace/Semana4/Proyecto/data/processed/flickr30k_hf/images/1313961775.jpg,test,A young girl floats on her back in water and peers over her life jacket.,,"[""A young girl floats on her back in water and peers over her life jacket."", ""A young girl wearing a bulky red life jacket floating in a lake."", ""The little girl is wearing a floating device in the water."", ""A girl wearing a life vest floats in water."", ""A girl floating wearing a life vest.""]"
flickr30k_1023,133010954.jpg,/workspace/Semana4/Proyecto/data/processed/flickr30k_hf/images/133010954.jpg,test,A man in a military-type uniform is standing in the street listening to another man who has a piece of paper in his hands.,,"[""A man in a military-type uniform is standing in the street listening to another man who has a piece of paper in his hands."", ""A man in uniform and a man in a blue shirt are standing in front of a truck."", ""A man in a blue shirt gesticulates as he speaks to a uniformed official."", ""A man in dressy clothes instructed a captain near a large truck."", ""We have to go there to look into the machine.""]"
flickr30k_1030,1332208215.jpg,/workspace/Semana4/Proyecto/data/processed/flickr30k_hf/images/1332208215.jpg,test,A man in glasses and an Asian woman are seated across from each other in a subway train.,,"[""A man in glasses and an Asian woman are seated across from each other in a subway train."", ""Two men and one woman are sitting in a subway train."", ""Several people sit on a train."", ""People sit inside a train."", ""People on a subway.""]"
flickr30k_1044,1333888922.jpg,/workspace/Semana4/Proyecto/data/processed/flickr30k_hf/images/1333888922.jpg,test,A brown-haired child in green shoes swings on a swing in a park near the woods.,,"[""A brown-haired child in green shoes swings on a swing in a park near the woods."", ""The sun breaks through the trees as a child rides a swing."", ""A child wearing Crocs sits on a swing in a wooded area."", ""A kid swings with his feet up in the air in a forest."", ""A child swings and the sunshine shines down on her.""]"
flickr30k_1052,1335877186.jpg,/workspace/Semana4/Proyecto/data/processed/flickr30k_hf/images/1335877186.jpg,val,"A man holding a blue backpack, reading the paper, and a woman wearing a black coat wait for their train.",,"[""A man holding a blue backpack, reading the paper, and a woman wearing a black coat wait for their train."", ""A man with a blue backpack reads the paper while waiting to board the subway."", ""A man reads the paper while waiting for the subway."", ""A man reading the paper waiting to get on subway."", ""A man reading a newspaper next to a train.""]"
flickr30k_1072,1341077576.jpg,/workspace/Semana4/Proyecto/data/processed/flickr30k_hf/images/1341077576.jpg,test,A man in a red shirt and blue pants is going into a building while a dog watches him.,,"[""A man in a red shirt and blue pants is going into a building while a dog watches him."", ""A man walking into a building while a dog looks at him."", ""A man walks into a maroon building as a dog looks on."", ""A man in a red shirt entering an establishment."", ""A man walking into s foreign building.""]"
flickr30k_1074,1341787777.jpg,/workspace/Semana4/Proyecto/data/processed/flickr30k_hf/images/1341787777.jpg,val,"Brown dog on grass, drinking water spray from left side of frame.",,"[""Brown dog on grass, drinking water spray from left side of frame."", ""A brown dog is bending down trying to drink from a jet of water."", ""A large brown dog is sticking his face in the sprinkler."", ""A brown dog slurps water from a sprinkler on the grass."", ""A dog drinking from a creek.""]"
flickr30k_1081,1343426964.jpg,/workspace/Semana4/Proyecto/data/processed/flickr30k_hf/images/1343426964.jpg,val,A blond boy in a blue t-shirt stands smiling before a craft of green nylon fabric.,,"[""A blond boy in a blue t-shirt stands smiling before a craft of green nylon fabric."", ""A young man wearing swimming goggles wearing a blue shirt with a pirate skull on it"", ""A child poses wearing glasses near water outside."", ""A small girl smiling on the beach."", ""A young kid at the beach.""]"
flickr30k_1089,134642833.jpg,/workspace/Semana4/Proyecto/data/processed/flickr30k_hf/images/134642833.jpg,val,Here is a little boy whose being very cooperative and sweeping the outside porch area with a large broom on the front porch that has a strong railing.,,"[""Here is a little boy whose being very cooperative and sweeping the outside porch area with a large broom on the front porch that has a strong railing."", ""A small boy is sweeping the wooden deck behind a house with an over-sized broom; a wild forest is in the back."", ""A little boy is having fun sweeping the leaves of the deck."", ""A young white male is sweeping a porch with a large broom."", ""Young boy with a broom sweeps a deck in a wooded area.""]"
flickr30k_1102,1348517311.jpg,/workspace/Semana4/Proyecto/data/processed/flickr30k_hf/images/1348517311.jpg,val,A person about in the middle of throwing a green bowling ball down a bowling lane.,,"[""A person about in the middle of throwing a green bowling ball down a bowling lane."", ""A man in a tan shirt about to send a green bowling ball down the lane."", ""A man is bowling alone with a green ball."", ""One guy bowling a green bowling ball."", ""A man bowls a green bowling ball.""]"
flickr30k_1103,134857559.jpg,/workspace/Semana4/Proyecto/data/processed/flickr30k_hf/images/134857559.jpg,val,A man is on stage singing and three people are playing guitars in front of a crowd.,,"[""A man is on stage singing and three people are playing guitars in front of a crowd."", ""A band singing and playing electric guitar for a crowd of people."", ""People are on stage playing music to a group of people."", ""A band plays a rock show to a bar audience."", ""A band performing at a local bar or club.""]"
flickr30k_1107,1348947380.jpg,/workspace/Semana4/Proyecto/data/processed/flickr30k_hf/images/1348947380.jpg,val,An old man holding a camera while walking a small brown dog.,,"[""An old man holding a camera while walking a small brown dog."", ""An elderly man is walking a brown dog using a red leash."", ""An elderly man takes his dog for a walk near the water."", ""A man and a dog stand on a hill overlooking water."", ""A man walks his dog near the ocean.""]"
flickr30k_1117,1351500610.jpg,/workspace/Semana4/Proyecto/data/processed/flickr30k_hf/images/1351500610.jpg,test,Two male friends in swimming trunks jump on the beach while people in the background lay in the sand.,,"[""Two male friends in swimming trunks jump on the beach while people in the background lay in the sand."", ""Two middle-aged men are jumping for joy on a beautiful beach surrounded by rocks."", ""Two men wearing swim trunks jump in the air at a moderately populated beach."", ""Two men wearing swimming trunks jump in the air while on the beach."", ""Two men jumping excitedly at a rocky beach.""]"
flickr30k_1144,1355945307.jpg,/workspace/Semana4/Proyecto/data/processed/flickr30k_hf/images/1355945307.jpg,val,A red race car marked with the number seven is driven by a man in a blue and beige shirt.,,"[""A red race car marked with the number seven is driven by a man in a blue and beige shirt."", ""The red car has the number seven on the side in a white circle."", ""The man is driving a small red race car around a track."", ""A man drives an old-fashioned red race car."", ""Man driving race car number 7.""]"
flickr30k_1145,135608578.jpg,/workspace/Semana4/Proyecto/data/processed/flickr30k_hf/images/135608578.jpg,val,"A group of children that are either sitting or standing in a line, while two are holding a round object.",,"[""A group of children that are either sitting or standing in a line, while two are holding a round object."", ""Young adults wearing red, yellow, and black shirts in a straight line perform a sketch."", ""A group of children dance and play instruments under colored lights."", ""Group of kids doing a performance."", ""A group of people on stage""]"
flickr30k_1155,1358398144.jpg,/workspace/Semana4/Proyecto/data/processed/flickr30k_hf/images/1358398144.jpg,val,A Young child is throwing a big rock into a body of water.,,"[""A Young child is throwing a big rock into a body of water."", ""A young boy throws a big rock into a body of water."", ""A boy in a blue shirt throwing a rock into water."", ""A young boy, throwing a stone into calm water."", ""Young boy throws a rock into the water.""]"
flickr30k_1162,135980645.jpg,/workspace/Semana4/Proyecto/data/processed/flickr30k_hf/images/135980645.jpg,val,A blond woman is in her kitchen holding a knife and graham crackers as she is making pie with cranberries and cherries.,,"[""A blond woman is in her kitchen holding a knife and graham crackers as she is making pie with cranberries and cherries."", ""Two women with short hair are facing each other and the blond one is talking."", ""Two woman, one of which is cleaning her knife, are talking in the kitchen."", ""Two women in white t-shirts, one holding a knife slicing a pastry."", ""Woman in white top chats while slicing bread.""]"
flickr30k_1168,1361790462.jpg,/workspace/Semana4/Proyecto/data/processed/flickr30k_hf/images/1361790462.jpg,val,Two people are wearing a Chinese dragon costume in front of an ornate Chinese gazebo with red pillars and the gazebo has two large red lanterns hanging from the roof.,,"[""Two people are wearing a Chinese dragon costume in front of an ornate Chinese gazebo with red pillars and the gazebo has two large red lanterns hanging from the roof."", ""Two people in a traditional Japanese dragon costume perform in front of a small Japanese shrine with a man in a business suit standing in the back watching."", ""An elaborate costumed figure is in front of a brightly decorated structure."", ""A red chinese dragon costume stands in front of an Asian-style gazebo."", ""A Chinese dragon is walking in front of a building.""]"
flickr30k_1182,1363843090.jpg,/workspace/Semana4/Proyecto/data/processed/flickr30k_hf/images/1363843090.jpg,val,A dog walking through a stream carrying a white towel in its mouth,,"[""A dog walking through a stream carrying a white towel in its mouth"", ""A dog walking through a small stream with a rag in his mouth."", ""A dog drags a white rag through an almost-dried up creek."", ""A dog is wading in a river with a towel in its mouth."", ""A black dog retrieves a cloth from a streambed.""]"
flickr30k_1196,136581487.jpg,/workspace/Semana4/Proyecto/data/processed/flickr30k_hf/images/136581487.jpg,test,A toddler grasping the handle of a tool to stir food in a bowl along with another person whose arms are seen holding the bowl and tool.,,"[""A toddler grasping the handle of a tool to stir food in a bowl along with another person whose arms are seen holding the bowl and tool."", ""A naked baby makes a face while helping someone stir food"", ""A toddler is cooking with another person."", ""Toddler is helping to stir ingredients."", ""A toddler mixes some food in a bowel.""]"
flickr30k_1202,136693281.jpg,/workspace/Semana4/Proyecto/data/processed/flickr30k_hf/images/136693281.jpg,test,"A father and daughter holding a young tree upright, ready to be planted, as the son stands to their side wielding a shovel.",,"[""A father and daughter holding a young tree upright, ready to be planted, as the son stands to their side wielding a shovel."", ""A father-figure and two children outside their home doing yard work such as using a hoe on the grass and planting a tree."", ""A man and a little girl in a grassy area are planting a tree while a little boy off to the side is holding a hoe."", ""Two small children with older man plating a tree."", ""A man and two children are planting a tree.""]"
flickr30k_1206,1368082221.jpg,/workspace/Semana4/Proyecto/data/processed/flickr30k_hf/images/1368082221.jpg,test,A man wearing a black sweater cooks food in a pan while standing in a cluttered kitchen.,,"[""A man wearing a black sweater cooks food in a pan while standing in a cluttered kitchen."", ""A man is cooking on a stove in a kitchen, using wooden utensil."", ""A man in a black hoodie is preparing food."", ""A man preparing food in his kitchen."", ""A man cooking food on the stove.""]"
flickr30k_1209,1368338041.jpg,/workspace/Semana4/Proyecto/data/processed/flickr30k_hf/images/1368338041.jpg,val,"Three small dogs, two white and one black and white, on a sidewalk.",,"[""Three small dogs, two white and one black and white, on a sidewalk."", ""Two white dogs look at one black dog on a paved walkway."", ""Three dogs looking at a cement ledge."", ""Three small dogs sniff at something."", ""Three dogs on a sidewalk.""]"
flickr30k_1212,136886677.jpg,/workspace/Semana4/Proyecto/data/processed/flickr30k_hf/images/136886677.jpg,val,A large man sits in the back of a canoe with another man in front on a river.,,"[""A large man sits in the back of a canoe with another man in front on a river."", ""Two man are paddling a kayak along a river with green trees on either side."", ""Two paddlers propel a canoe down a tree-lined stream."", ""Two men paddling a canoe down a narrow stream."", ""Two men in a small boat rowing down a river.""]"
flickr30k_1271,1389264266.jpg,/workspace/Semana4/Proyecto/data/processed/flickr30k_hf/images/1389264266.jpg,val,"Two girls facing each other one has a skull face bag wearing a red and black shirt, the other is wearing a beaded belt.",,"[""Two girls facing each other one has a skull face bag wearing a red and black shirt, the other is wearing a beaded belt."", ""A girl with pink streaked hair and fur uggs looks back while the girl walking next to her looks at her."", ""Two girls wearing goth trendy clothing while one looks back at the camera."", ""Two young girls wearing goth clothes."", ""Two girls walking down the street.""]"
flickr30k_1284,139245992.jpg,/workspace/Semana4/Proyecto/data/processed/flickr30k_hf/images/139245992.jpg,test,"An older gentleman, dressed in jeans and a long-sleeved shirt, tosses a small red ball on the beach.",,"[""An older gentleman, dressed in jeans and a long-sleeved shirt, tosses a small red ball on the beach."", ""An elderly man tossing a red rubber ball on the beach."", ""A man in jeans at the beach playing with a red ball."", ""Man on the beach is throwing a red ball."", ""A man plays with a ball at the beach.""]"
flickr30k_1286,1393205795.jpg,/workspace/Semana4/Proyecto/data/processed/flickr30k_hf/images/1393205795.jpg,val,A group of four girls are in the back of a vehicle looking at a book with a pink cover.,,"[""A group of four girls are in the back of a vehicle looking at a book with a pink cover."", ""Four young girls reading a book in the back of a car with boxes of produce."", ""A group of kids sitting in the back of a van together looking at a book."", ""Several young girls are sitting in a minivan."", ""A group of young girls peer at a book.""]"
flickr30k_1293,1394319096.jpg,/workspace/Semana4/Proyecto/data/processed/flickr30k_hf/images/1394319096.jpg,val,People on the beach look up to the sky to see a large heart written in the air by the contrail of a plane.,,"[""People on the beach look up to the sky to see a large heart written in the air by the contrail of a plane."", ""As many gather on the beach to watch the air show, the planes make a heart in the sky."", ""People on the sand looking up at a white heart drawn by a jet in the blue sky."", ""The desert onlookers stared at the heart shaped cloud in the clear blue sky."", ""Beach goers look at a heart left in the sky by a sky writer.""]"
flickr30k_1305,1395410911.jpg,/workspace/Semana4/Proyecto/data/processed/flickr30k_hf/images/1395410911.jpg,test,Many people are walking along a sidewalk with a variety of little shops.,,"[""Many people are walking along a sidewalk with a variety of little shops."", ""A man with a backpack stopping and looking at the display in the store."", ""Many people are walking along the sidewalk in an Asian marketplace."", ""People walking down sidewalk next to a line of stores."", ""People are walking by stores and window shopping.""]"
flickr30k_1306,1396064003.jpg,/workspace/Semana4/Proyecto/data/processed/flickr30k_hf/images/1396064003.jpg,test,A wakeboarder performs a flip while being towed at high speed.,,"[""A wakeboarder performs a flip while being towed at high speed."", ""An upside down man doing a flip on a waterski board"", ""A person did a side flip while water boarding."", ""A man hangs upside in the air over the water."", ""A person upside down on a water board.""]"
flickr30k_1310,1397344877.jpg,/workspace/Semana4/Proyecto/data/processed/flickr30k_hf/images/1397344877.jpg,test,Four police officers are swallowed up by the large crowd of people on the street.,,"[""Four police officers are swallowed up by the large crowd of people on the street."", ""A large crowd of people walking while being controlled by officers among them."", ""A large crowd of people are walking down the street."", ""A large group of people fill a street."", ""A large crowd of people are walking.""]"
flickr30k_1343,1404832008.jpg,/workspace/Semana4/Proyecto/data/processed/flickr30k_hf/images/1404832008.jpg,test,A man wearing bathing trunks is parasailing in the water.,,"[""A man wearing bathing trunks is parasailing in the water."", ""A man on a zip line being propelled through the water."", ""A man in a harness being dragged across the water"", ""A man on a tag line going into the water."", ""A man in a harness lands in the water.""]"
flickr30k_1351,1405665934.jpg,/workspace/Semana4/Proyecto/data/processed/flickr30k_hf/images/1405665934.jpg,val,"A woman in a white jacket and pink shorts is sitting down, reading a book with her head resting on her right hand.",,"[""A woman in a white jacket and pink shorts is sitting down, reading a book with her head resting on her right hand."", ""Sitting casually in a public place, a girl reads holding the book open with her hand on which is a butterfly ring."", ""A woman is sitting in a chair reading a book with her head resting on her free hand."", ""A woman with a white jacket, and a silver butterfly ring, waits and reads a book."", ""Woman in white sweater reading intently sitting on a bench.""]"
flickr30k_1358,1408554531.jpg,/workspace/Semana4/Proyecto/data/processed/flickr30k_hf/images/1408554531.jpg,test,A woman's lower body can be seen as she wears blue jeans and walks in front of a large sign depicting another woman wearing a black top and sunglasses.,,"[""A woman's lower body can be seen as she wears blue jeans and walks in front of a large sign depicting another woman wearing a black top and sunglasses."", ""A woman wearing rolled up jeans and a black shirt is walking past a bus carrying a shopping bag."", ""A woman whose head is not visible walks in front of a bus with an advertisement on its side."", ""A woman wearing rolled up jeans passing bus a pass whose ad appears to be checking her out."", ""A woman in jeans walks by a bus with an ad depicting a woman peering over her sunglasses.""]"
flickr30k_1365,1409723496.jpg,/workspace/Semana4/Proyecto/data/processed/flickr30k_hf/images/1409723496.jpg,val,A man with dark hair is wearing a white shirt with printed flames and is holding a pair of tongs.,,"[""A man with dark hair is wearing a white shirt with printed flames and is holding a pair of tongs."", ""A man in a colorful button-up t-shirt is pouring what appears to be barbecue sauce onto something."", ""A man in a flame-themed shirt is looking at barbecue tools."", ""A man in a restaurant having lunch."", ""An old man gets some barbecue""]"
flickr30k_1371,1410039760.jpg,/workspace/Semana4/Proyecto/data/processed/flickr30k_hf/images/1410039760.jpg,val,A man in a blue shirt and brown sports coat adjusts something in his hand.,,"[""A man in a blue shirt and brown sports coat adjusts something in his hand."", ""An older man with glasses raises his eyebrows in surprise."", ""A man in a suit and glass has an object in his hands."", ""Gentleman with glasses who is wearing a microphone."", ""An older man with glasses looks surprised.""]"
flickr30k_1378,141126420.jpg,/workspace/Semana4/Proyecto/data/processed/flickr30k_hf/images/141126420.jpg,val,Guy in black wetsuit is riding a wave with a white surfboard.,,"[""Guy in black wetsuit is riding a wave with a white surfboard."", ""A man is surfing in a wetsuit and is coming out of the curl."", ""A man in a wetsuit catches a wave on his white surfboard."", ""A man in a black wetsuit surfs on a whiteboard."", ""A man in a black wetsuit is surfing on a wave.""]"
flickr30k_1382,141186473.jpg,/workspace/Semana4/Proyecto/data/processed/flickr30k_hf/images/141186473.jpg,val,An Asian woman sitting on a bench going through a pink laptop bag.,,"[""An Asian woman sitting on a bench going through a pink laptop bag."", ""An Asian woman poses on a bench with shopping bags."", ""A woman in a blue blouse is handling a pink purse."", ""A young women in a blue shirt sitting on a bench."", ""A woman with a pink purse is sitting on a bench.""]"
flickr30k_1390,14133592.jpg,/workspace/Semana4/Proyecto/data/processed/flickr30k_hf/images/14133592.jpg,test,"A young man wearing blue jeans and a t-shirt sits in the grass, with a ball in the air.",,"[""A young man wearing blue jeans and a t-shirt sits in the grass, with a ball in the air."", ""A man in a red shirt is sitting on the grass, and a ball is flying towards him."", ""A man in a pink shirt is sitting in the grass and a ball is in the air."", ""A man is laying down in the grass at a beautiful park."", ""A man sitting in the grass as a ball flies by.""]"
flickr30k_1401,1414911626.jpg,/workspace/Semana4/Proyecto/data/processed/flickr30k_hf/images/1414911626.jpg,test,Red white and blue SUV patrolling the beach and shoreline on a cloudy day while seagulls walk in the sand.,,"[""Red white and blue SUV patrolling the beach and shoreline on a cloudy day while seagulls walk in the sand."", ""A red, white, and blue security vehicle is driving down a rocky beach toward some birds on a cloudy day."", ""A truck driving along a beach near a flock of seagulls."", ""Orange SUV drive by the shore."", ""A car parked at the beach.""]"
flickr30k_1417,1417882092.jpg,/workspace/Semana4/Proyecto/data/processed/flickr30k_hf/images/1417882092.jpg,test,Two young men dressed in black stand next to each other looking at something.,,"[""Two young men dressed in black stand next to each other looking at something."", ""Two guys standing side by side."", ""Two men are watching something."", ""Two men wearing black in a city"", ""Two male spectators""]"
flickr30k_1478,1432734769.jpg,/workspace/Semana4/Proyecto/data/processed/flickr30k_hf/images/1432734769.jpg,val,Woman wearing a striped blouse sits among other women.,,"[""Woman wearing a striped blouse sits among other women."", ""Four women sit looking at something beyond the camera."", ""Three older Asian women are sitting on the ground."", ""Asian women sitting around enjoying themselves."", ""Three women smiling and sitting down.""]"
flickr30k_1480,1433088025.jpg,/workspace/Semana4/Proyecto/data/processed/flickr30k_hf/images/1433088025.jpg,test,"A crowd is watching 2 shirtless men, one in yellow pants and one in black shorts perfom.",,"[""A crowd is watching 2 shirtless men, one in yellow pants and one in black shorts perfom."", ""A man in yellow pants and wearing no shirt is being watched by many people."", ""There is a man with yellow pants and a man with black pants."", ""The man in the yellow pants is raising his arms."", ""A muscular man in yellow pants.""]"
flickr30k_1513,1436832881.jpg,/workspace/Semana4/Proyecto/data/processed/flickr30k_hf/images/1436832881.jpg,val,A red PlNe is flying by the queen Elisabeth 2 shooting out red smoke.,,"[""A red PlNe is flying by the queen Elisabeth 2 shooting out red smoke."", ""A red plane flying over a boat as it trails pink smoke."", ""A red airplane is flying by a large ship."", ""A plane flies over a large cruise ship."", ""A red plane flying over a cruise ship.""]"
flickr30k_1516,143688283.jpg,/workspace/Semana4/Proyecto/data/processed/flickr30k_hf/images/143688283.jpg,val,A man in a white shirt and helmet is using climbing equipment.,,"[""A man in a white shirt and helmet is using climbing equipment."", ""A man with a white shirt and helmet is climbing a mountain."", ""A young man wearing a white helmet climbing up a rock wall"", ""A man in a harness climbing a rock wall"", ""Man rock climbing looking up the rock""]"
flickr30k_1520,143793054.jpg,/workspace/Semana4/Proyecto/data/processed/flickr30k_hf/images/143793054.jpg,val,A man in an orange shirt and white hard hat stands in front of an orange construction vehicle as it dumps dirt into a truck.,,"[""A man in an orange shirt and white hard hat stands in front of an orange construction vehicle as it dumps dirt into a truck."", ""Two construction workers assist in the loading of a dump truck at an urban construction site."", ""A bored looking construction worker is holding a drink."", ""Two men working together at a construction site."", ""Two men work hard loading up a flatbed truck""]"
flickr30k_1523,1438769690.jpg,/workspace/Semana4/Proyecto/data/processed/flickr30k_hf/images/1438769690.jpg,val,Truck filled with 5 gallons bottles in the back and a man on top looking at them.,,"[""Truck filled with 5 gallons bottles in the back and a man on top looking at them."", ""A woman in a colorful outfit is walking by a white truck filled with bottles."", ""This Man, with a Red &amp; White Shirt has Water Bottles on this White Truck."", ""A worker is in the cage at the top of the truck on a busy street."", ""A beat up old truck in the heart of a colorful town.""]"
flickr30k_1532,144328407.jpg,/workspace/Semana4/Proyecto/data/processed/flickr30k_hf/images/144328407.jpg,val,"A woman wearing a white hat, white top, and orange skirt is jumping in front of some trees.",,"[""A woman wearing a white hat, white top, and orange skirt is jumping in front of some trees."", ""Woman dressed in sandals, skirt and hat jumping in front of a blooming lilac bush."", ""A woman in a blue hat and yellow skirt is jumping in an area with lilacs."", ""A woman wearing a yellow blouse is jumping up in the air in a park."", ""A woman is dancing in front of a shrub.""]"
flickr30k_1576,14559446.jpg,/workspace/Semana4/Proyecto/data/processed/flickr30k_hf/images/14559446.jpg,test,Two men wearing hats and holding canes are standing silhouetted against a large body of water with sunlight reflecting off the water and a tree to the side.,,"[""Two men wearing hats and holding canes are standing silhouetted against a large body of water with sunlight reflecting off the water and a tree to the side."", ""Two men wearing hats and using walking sticks are walking near a body of water during sundown."", ""Two men stand beneath a tree as they watch the sunset over the ocean."", ""Two mature hikers take a break and admire the sunset over the lake."", ""Two men playing golf near water while the sun is setting.""]"
flickr30k_1594,1459582913.jpg,/workspace/Semana4/Proyecto/data/processed/flickr30k_hf/images/1459582913.jpg,test,"Three people dressed in blue, white and black leotards are being held up by the hands of a set of two people each on the ground dressed in the same outfit as people look on.",,"[""Three people dressed in blue, white and black leotards are being held up by the hands of a set of two people each on the ground dressed in the same outfit as people look on."", ""A group of male and female cheerleaders create three formations."", ""Nine cheerleaders perform acrobatics behind a row of chairs."", ""A cheerleading team doing a routine on chairs."", ""Male cheerleading squad performs at a park.""]"
flickr30k_1610,1463072715.jpg,/workspace/Semana4/Proyecto/data/processed/flickr30k_hf/images/1463072715.jpg,test,"A young boy is looking at a checkers board with one fist leaning against his head as a partially visible adult sits across the table from him, in a room full of people sitting in chairs around tables.",,"[""A young boy is looking at a checkers board with one fist leaning against his head as a partially visible adult sits across the table from him, in a room full of people sitting in chairs around tables."", ""A boy is playing checkers with an adult shown off-screen while a girl looks on."", ""Children are contemplating their next move in a game of checkers."", ""The children are playing a game of checkers."", ""Children playing checkers.""]"
flickr30k_1616,1463864223.jpg,/workspace/Semana4/Proyecto/data/processed/flickr30k_hf/images/1463864223.jpg,val,"In the middle of a shopping center, there is a man who is painted gold with a gold bicycle.",,"[""In the middle of a shopping center, there is a man who is painted gold with a gold bicycle."", ""A man dressed in gold with his gold bike stops to look at the city."", ""A man is wearing a gold outfit while standing with his gold bike."", ""A man painted in gold with cycle stands in the street."", ""A man in a gold coat has a gold bicycle in the city.""]"
flickr30k_1636,146758244.jpg,/workspace/Semana4/Proyecto/data/processed/flickr30k_hf/images/146758244.jpg,val,A baby in a pink sweater looks up at a leafy branch.,,"[""A baby in a pink sweater looks up at a leafy branch."", ""A baby looking up at a leafy branch above her head."", ""Baby looking at the leaves on a branch of a tree."", ""A baby outside looking up at a leave."", ""A baby is looking at a leafy branch.""]"
flickr30k_1646,146906547.jpg,/workspace/Semana4/Proyecto/data/processed/flickr30k_hf/images/146906547.jpg,test,"In foreground, a woman in pink jeans is helping a child in a heart t-shirt to skate, while cyclists and others walk in background with palm trees.",,"[""In foreground, a woman in pink jeans is helping a child in a heart t-shirt to skate, while cyclists and others walk in background with palm trees."", ""In front of palm trees, figures ride bicycles while a couple walk and a child wears rollerskates near an older person."", ""People happily walking along a street with palm trees in the background."", ""Small child is rollerskating while bicyclists ride around a track."", ""A crowd of people out for some fun in public park.""]"
flickr30k_1716,14868339.jpg,/workspace/Semana4/Proyecto/data/processed/flickr30k_hf/images/14868339.jpg,val,Two workers at a train station are cleaning an elevator.,,"[""Two workers at a train station are cleaning an elevator."", ""A custodian is talking to another man by an elevator."", ""Two men are in a subway station getting ready to mop."", ""A janitor about to mop in a train station."", ""Janitorial crew at a metro station""]"
flickr30k_1723,1489286545.jpg,/workspace/Semana4/Proyecto/data/processed/flickr30k_hf/images/1489286545.jpg,test,A man sits on a bench holding his dog and looking at the water.,,"[""A man sits on a bench holding his dog and looking at the water."", ""A man holding a dog sitting on a bench overlooking a lake."", ""A man and a dog sit on a bench near a body of water."", ""A man and his dog watch the sunset from a bench."", ""A man holds his dog near a pond.""]"
flickr30k_1727,149042906.jpg,/workspace/Semana4/Proyecto/data/processed/flickr30k_hf/images/149042906.jpg,val,"Two barefoot young African boys in brightly colored clothing are sitting on a stone floor, one holding a clear bottle of water with a second, blue bottle on the floor between his legs.",,"[""Two barefoot young African boys in brightly colored clothing are sitting on a stone floor, one holding a clear bottle of water with a second, blue bottle on the floor between his legs."", ""Two small brightly dressed African children with water bottles are sitting on a stone floor."", ""Two little black boys are playing with plastic bottles and having a lot of fun."", ""Two little black boys sit on the floor holding water bottles."", ""Two African-American children playing with water bottles.""]"
flickr30k_1740,149231190.jpg,/workspace/Semana4/Proyecto/data/processed/flickr30k_hf/images/149231190.jpg,val,Many people out enjoying themselves and admiring parked motorcycles at an outdoor event.,,"[""Many people out enjoying themselves and admiring parked motorcycles at an outdoor event."", ""Green traffic signals light up as people look at motorcycles."", ""Motorcycles are parked behind a fence on a crowded street."", ""People look on to a parking lot full of motorcycles."", ""People are gathered at an event in the city.""]"
flickr30k_1746,1496289999.jpg,/workspace/Semana4/Proyecto/data/processed/flickr30k_hf/images/1496289999.jpg,val,A person in a red and black jacket with a black backpack scales a mountain face.,,"[""A person in a red and black jacket with a black backpack scales a mountain face."", ""A adventure bound person climbing the face of a mountain."", ""Two people are climbing a rock wall with a rope."", ""Two climbers climbing a steep mountain face."", ""A rock climber climbs a steep mountain.""]"
flickr30k_1754,1499495021.jpg,/workspace/Semana4/Proyecto/data/processed/flickr30k_hf/images/1499495021.jpg,val,"A dark-haired woman wearing a brown jacket and fatigue bottoms and a balding man wearing a green sweater and blue jeans with a fishing pole, stand at the foot of the surf.",,"[""A dark-haired woman wearing a brown jacket and fatigue bottoms and a balding man wearing a green sweater and blue jeans with a fishing pole, stand at the foot of the surf."", ""A man and a woman are standing on a shore while the man fishes in the choppy water."", ""A man is fishing in the ocean with a large woman walking to the left."", ""A man and woman fishing at the beach."", ""Man and woman fishing in the ocean.""]"
flickr30k_1771,150411291.jpg,/workspace/Semana4/Proyecto/data/processed/flickr30k_hf/images/150411291.jpg,test,"Two boys wearing red jackets are digging shovels into the dirt, the smaller boy in the yellow boots has a mohawk.",,"[""Two boys wearing red jackets are digging shovels into the dirt, the smaller boy in the yellow boots has a mohawk."", ""A man in a red jacket and a child with a mohawk dig with shovels at a park near the beach."", ""A boy and his younger brother playing together at the playground."", ""Two people dig with shovels at a playground by the ocean."", ""Two children playing in the sand.""]"
flickr30k_1782,1507563902.jpg,/workspace/Semana4/Proyecto/data/processed/flickr30k_hf/images/1507563902.jpg,val,A girl is doing a trick on a blue trampoline and is in the air.,,"[""A girl is doing a trick on a blue trampoline and is in the air."", ""A person is upside down in the air above a trampoline outside."", ""A child is doing a back flip whilst jumping on a trampoline."", ""Someone is flipping on a blue trampoline."", ""An upside-down child above a trampoline.""]"
flickr30k_1821,151970521.jpg,/workspace/Semana4/Proyecto/data/processed/flickr30k_hf/images/151970521.jpg,test,Woman dressed in blue sitting on a bench with a cane next to her looking through her purse with a stretch limo behind her with a man and a woman walking in opposite directions from one another.,,"[""Woman dressed in blue sitting on a bench with a cane next to her looking through her purse with a stretch limo behind her with a man and a woman walking in opposite directions from one another."", ""A woman in blue looks in a black leather bag while sitting on a bench during a sunny afternoon while people and limousines passed behind her."", ""An old woman is sitting on a bench, while behind her a limo pulls up and two people in white are walking by."", ""Decorated limo passing by elderly woman waiting on park bench in Chinese street."", ""A woman in a blue shirt is looking in her change purse.""]"
flickr30k_1833,1526325728.jpg,/workspace/Semana4/Proyecto/data/processed/flickr30k_hf/images/1526325728.jpg,test,Light brown dog running towards something at the beach.,,"[""Light brown dog running towards something at the beach."", ""The large gray colored dog is jumping on the beach."", ""A gray colored dog walks in wet sand at a beach."", ""The brown dog is standing on the sandy beach."", ""A gray dog plays in the sand at the ocean.""]"
flickr30k_1892,155014252.jpg,/workspace/Semana4/Proyecto/data/processed/flickr30k_hf/images/155014252.jpg,val,Children are riding a swing ride at an amusement park or state fair.,,"[""Children are riding a swing ride at an amusement park or state fair."", ""Children enjoying themselves on an amusement park ride."", ""A group of kids riding on the giant swing ride"", ""Kids are riding a swinging carnival ride"", ""Children are swinging in the air.""]"
flickr30k_1895,155210731.jpg,/workspace/Semana4/Proyecto/data/processed/flickr30k_hf/images/155210731.jpg,test,"An Asian woman wearing a Asian dress sitting among a group of cloths, with a woven basket on her lap.",,"[""An Asian woman wearing a Asian dress sitting among a group of cloths, with a woven basket on her lap."", ""A woman is sitting with a basket of cloth, surrounded by cloth."", ""An Asian woman selling silk scarfs, bags, and wallets."", ""A young oriental woman sitting amongst her belongings."", ""An Asian woman is selling colorful fabrics.""]"
flickr30k_1902,1554086730.jpg,/workspace/Semana4/Proyecto/data/processed/flickr30k_hf/images/1554086730.jpg,val,"Two people are holding a large upside-down earth globe, about 4' in diameter, and a child appears to be jumping over Antarctica.",,"[""Two people are holding a large upside-down earth globe, about 4' in diameter, and a child appears to be jumping over Antarctica."", ""Three boys are playing outside, and two are holding a giant ball that looks like a globe while the other jumps up high over it."", ""Three people playing with a large ball that looks like a globe."", ""A boy jumping on a giant earth-like balloon held by two others."", ""Two young men hold a large ball while a third jumps over it.""]"
flickr30k_1933,156249400.jpg,/workspace/Semana4/Proyecto/data/processed/flickr30k_hf/images/156249400.jpg,val,One man wearing camouflage pants and green t-shirt stands with one foot on a square while another man wearing the same type of clothing reaches out with a baseball glove on his left hand.,,"[""One man wearing camouflage pants and green t-shirt stands with one foot on a square while another man wearing the same type of clothing reaches out with a baseball glove on his left hand."", ""2 men in army fatigues playing baseball in the middle of a dirt field in the middle of the day."", ""Two soldiers are playing baseball and touching the base."", ""Two men in the military are playing baseball."", ""A couple of army men playing baseball.""]"
flickr30k_1943,1567005236.jpg,/workspace/Semana4/Proyecto/data/processed/flickr30k_hf/images/1567005236.jpg,val,"This is a scene of several people walking outside during the day, including a woman with two coffee urns.",,"[""This is a scene of several people walking outside during the day, including a woman with two coffee urns."", ""A woman in a black dress is pushing a cart with thermos down a paved walkway."", ""A girl with blue hair is pushing a coffee cart."", ""A woman pushing a coffee cart through a plaza."", ""A woman is taking the food to the patients.""]"
flickr30k_1981,157910841.jpg,/workspace/Semana4/Proyecto/data/processed/flickr30k_hf/images/157910841.jpg,test,A man in a blue and white t-shirt is grilling outdoors.,,"[""A man in a blue and white t-shirt is grilling outdoors."", ""A man gives the thumbs up as he grills chicken."", ""A man in a blue shirt barbecues meat outside."", ""A man is grilling out in his backyard."", ""A man stands at a barbecues.""]"
flickr30k_1983,1579198375.jpg,/workspace/Semana4/Proyecto/data/processed/flickr30k_hf/images/1579198375.jpg,test,Woman singing with a microphone next to a person playing guitar.,,"[""Woman singing with a microphone next to a person playing guitar."", ""A woman sings into a microphone by a guy playing a guitar."", ""A woman sings in a club with a guitarist behind her."", ""A female performer singing with her band."", ""A band performs in a dimly lit setting.""]"
flickr30k_1984,1579206585.jpg,/workspace/Semana4/Proyecto/data/processed/flickr30k_hf/images/1579206585.jpg,test,A girl is playing an electric guitar in front of an amplifier.,,"[""A girl is playing an electric guitar in front of an amplifier."", ""Guitar player performs at a nightclub red guitar."", ""A woman playing guitar in red and blue light"", ""A girl plays her guitar on a dark stage."", ""A woman is playing guitar on stage""]"
flickr30k_1987,157955034.jpg,/workspace/Semana4/Proyecto/data/processed/flickr30k_hf/images/157955034.jpg,test,A woman in a green dress sitting in a broken green and yellow chair.,,"[""A woman in a green dress sitting in a broken green and yellow chair."", ""A child sitting on a lawn chair looking up at the camera"", ""A girl with brown hair sitting on a lawn chair."", ""A young girl outside on a rainy day."", ""A woman sitting on a lawn chair.""]"
flickr30k_1995,1581304802.jpg,/workspace/Semana4/Proyecto/data/processed/flickr30k_hf/images/1581304802.jpg,val,A police officer on a motorcycle is behind a four door sedan on a road with billboards in the distance.,,"[""A police officer on a motorcycle is behind a four door sedan on a road with billboards in the distance."", ""A policeman on a motorcycle is stopped behind a car he pulled over."", ""A police officers on a motorcycle pulls up behind a silver sedan."", ""A policeman stopping a vehicle on the side of the road."", ""A motorcycle cop signaling a driver to pull over""]"
flickr30k_2006,1588931550.jpg,/workspace/Semana4/Proyecto/data/processed/flickr30k_hf/images/1588931550.jpg,val,"A person stands beside a boat, on a dock, looking out across a lake that reflect trees in the distance.",,"[""A person stands beside a boat, on a dock, looking out across a lake that reflect trees in the distance."", ""Man standing on a pier next to a boat on a still lake."", ""The man is looking out over a placid lake."", ""A man is standing, looking at a lake."", ""A man on a dock is standing by a boat.""]"
flickr30k_2044,160792599.jpg,/workspace/Semana4/Proyecto/data/processed/flickr30k_hf/images/160792599.jpg,test,Three men and two women stand facing the ocean from the shore on a sunny day.,,"[""Three men and two women stand facing the ocean from the shore on a sunny day."", ""A group of people stand in the sand looking out at the water."", ""Five people standing in front of a body of water."", ""Two ladies and three men looking at the ocean."", ""Five people look out toward the ocean.""]"
flickr30k_2054,16151663.jpg,/workspace/Semana4/Proyecto/data/processed/flickr30k_hf/images/16151663.jpg,test,A girl is playing the violin in the street while her band mate on the guitar is talking on her cellphone with a confused look.,,"[""A girl is playing the violin in the street while her band mate on the guitar is talking on her cellphone with a confused look."", ""A female performer with a violin plays on a street while a woman with a blue guitar looks on."", ""Two ladies play the violin and the guitar on the street to entertain the passer byes."", ""Two women on the street, one is playing the guitar and the other is playing violin."", ""2 women are standing in a street playing a blue guitar and a violin.""]"
flickr30k_2089,162839055.jpg,/workspace/Semana4/Proyecto/data/processed/flickr30k_hf/images/162839055.jpg,val,A field with some Scottish marching bands and many spectators sitting on the stadium behind.,,"[""A field with some Scottish marching bands and many spectators sitting on the stadium behind."", ""A large group of men in military garb standing on a field with a crowd behind them."", ""A Celtic marching bands performs on field during a soccer match."", ""A group of Scottish officers doing a demonstration."", ""Several uniformed people are standing in ceremony.""]"
flickr30k_2103,16437914.jpg,/workspace/Semana4/Proyecto/data/processed/flickr30k_hf/images/16437914.jpg,test,A young girl with goggles strapped to her forehead enjoys the cool pool water.,,"[""A young girl with goggles strapped to her forehead enjoys the cool pool water."", ""A dark-skinned girl with goggles and black hair in water."", ""A young girl with goggles is floating in the pool."", ""A young girl swimming in a pool."", ""A young girl swimming in a pool""]"
flickr30k_2112,16495609.jpg,/workspace/Semana4/Proyecto/data/processed/flickr30k_hf/images/16495609.jpg,test,Some children are playing tug-of-war with a rope while an adult assists.,,"[""Some children are playing tug-of-war with a rope while an adult assists."", ""Several children are outdoors getting ready to play tug-of-war."", ""Children participate in a game of tug-of-war."", ""Elementary school students play tug-of-war."", ""A group of children are playing Tug-of-War.""]"
flickr30k_2113,164969525.jpg,/workspace/Semana4/Proyecto/data/processed/flickr30k_hf/images/164969525.jpg,test,"Three people dancing acrobatically in a subway station, with one girl in a skirt doing a cartwheel over another person bending over.",,"[""Three people dancing acrobatically in a subway station, with one girl in a skirt doing a cartwheel over another person bending over."", ""A person is cartwheeling over another person while a third person runs behind them."", ""Three teenagers in a subway playing around."", ""Four people in the subway are having fun."", ""Three people dancing in the subway.""]"
flickr30k_2124,1659358141.jpg,/workspace/Semana4/Proyecto/data/processed/flickr30k_hf/images/1659358141.jpg,test,A brown dog walks in the grass with its tongue hanging out.,,"[""A brown dog walks in the grass with its tongue hanging out."", ""A gray dog walks in the green grass, tongue hanging out."", ""A brown dog is panting hard on grass during a sunny day."", ""A tan dog jogging with his tongue hanging out"", ""A dog running with tongue hanging out.""]"
flickr30k_2130,16626851.jpg,/workspace/Semana4/Proyecto/data/processed/flickr30k_hf/images/16626851.jpg,test,Two men sitting in front of a building and a field of grass in front of them.,,"[""Two men sitting in front of a building and a field of grass in front of them."", ""A group of people are sitting on the grass outside of a rustic building."", ""People sitting in the grass outside a building, taking a break."", ""Two people sit on a grassy lawn in front of a building."", ""People sitting outside a house enjoying wine.""]"
flickr30k_2131,166283675.jpg,/workspace/Semana4/Proyecto/data/processed/flickr30k_hf/images/166283675.jpg,test,"Several people, including a shirtless man and a woman in purple shorts which say ""P.I.N.K."" on the back, are walking through a crowded outdoor area.",,"[""Several people, including a shirtless man and a woman in purple shorts which say \""P.I.N.K.\"" on the back, are walking through a crowded outdoor area."", ""Shirtless guy staring off in the distance while three woman are walking past a crowd sitting outside a cafe."", ""A shirtless man and three women walk outside near a street cafe."", ""Four people dressed for warm weather out on a street walking."", ""These people are walking in a crowd of people.""]"
flickr30k_2139,1664475761.jpg,/workspace/Semana4/Proyecto/data/processed/flickr30k_hf/images/1664475761.jpg,test,Two boys try to attach fruits to a bicycle on a dirt road.,,"[""Two boys try to attach fruits to a bicycle on a dirt road."", ""Two young men getting ready to move fruit on their bike."", ""Two young men are loading fruit unto a bicycle."", ""Two young boys loading fruit onto a bicycle."", ""Two young boys putting fruit on the bike.""]"
flickr30k_2145,166774567.jpg,/workspace/Semana4/Proyecto/data/processed/flickr30k_hf/images/166774567.jpg,val,"Woman in a leopard print outfit, walking in the street and a man in a dark blue jacket and denim jeans walking in the opposite direction.",,"[""Woman in a leopard print outfit, walking in the street and a man in a dark blue jacket and denim jeans walking in the opposite direction."", ""A woman and a child sit together in a door frame along a gray sidewalk, as a man and two women walk past."", ""A man in a leather coat is walking down a brick sidewalk next to a woman wearing a colorful blue dress."", ""An old woman in a blue dress and a young child sit in a doorway while others walk by."", ""People walking a sitting in the city streets.""]"
flickr30k_2147,167001809.jpg,/workspace/Semana4/Proyecto/data/processed/flickr30k_hf/images/167001809.jpg,val,A firefighter sprays water onto a gigantic pile or burning ash that includes flames and dark smoke.,,"[""A firefighter sprays water onto a gigantic pile or burning ash that includes flames and dark smoke."", ""A firefighter spraying water on the flames of a large fire."", ""A firefighter sprays piles of burning debris with a hose."", ""A lone firefighter helps tame a large fire."", ""A fireman with his water hose.""]"
flickr30k_2161,1675332284.jpg,/workspace/Semana4/Proyecto/data/processed/flickr30k_hf/images/1675332284.jpg,test,An African American man with a black hat and black tank top plays the drums on some buckets for donations.,,"[""An African American man with a black hat and black tank top plays the drums on some buckets for donations."", ""A man in a black t-shirt, cap and jeans is playing drums on an upside down yellow pail."", ""A muscular African-american man pan-handling using paint buckets as a musical instrument."", ""One man in a black muscle shirt is playing the drums on some overturned buckets."", ""A man is sitting on the street playing drums on buckets.""]"
flickr30k_2177,1680409989.jpg,/workspace/Semana4/Proyecto/data/processed/flickr30k_hf/images/1680409989.jpg,val,A person with a purple shirt is painting an image of a woman on a white wall.,,"[""A person with a purple shirt is painting an image of a woman on a white wall."", ""A lady in a purple shirt is painting a picture of a person on a curved wall."", ""A woman with a purple shirt painting another woman on a wall."", ""A woman is painting a mural of a woman's face."", ""A lady painting on a public wall!""]"
flickr30k_2179,1680674943.jpg,/workspace/Semana4/Proyecto/data/processed/flickr30k_hf/images/1680674943.jpg,val,"Two little girls are playing in their house, one is on the floor grinning evilly wearing pink pajamas and the younger one is standing over her wearing a hairnet and mask and purple pajamas.",,"[""Two little girls are playing in their house, one is on the floor grinning evilly wearing pink pajamas and the younger one is standing over her wearing a hairnet and mask and purple pajamas."", ""A little girl is laying down on her back on a hardwood floor, looking out of the corner of her eyes at a smaller child who is wearing pajamas, a hairnet and a surgical mask."", ""Two children in their pajamas one has a mask and hairnet like a surgical nurse and is standing over the older child who is laying down on the wood floor."", ""A small girl is lying on the floor while her younger sister is pretending to be a nurse."", ""Two sisters playing nurse and patient.""]"
flickr30k_2180,1681253990.jpg,/workspace/Semana4/Proyecto/data/processed/flickr30k_hf/images/1681253990.jpg,test,A girl is outside painting a picture of a lady on the side of the wall using chalk,,"[""A girl is outside painting a picture of a lady on the side of the wall using chalk"", ""A woman drawing a portrait on a white wall with trees in the background."", ""A woman working on a painting of a young woman on a wall with tan skin."", ""A young female artists paints an image of a woman on a wall."", ""A woman is completing a picture of a young woman.""]"
flickr30k_2197,1690926854.jpg,/workspace/Semana4/Proyecto/data/processed/flickr30k_hf/images/1690926854.jpg,test,Two teammates from the USA team are jumping in the air to give high-fives while two teammates watch.,,"[""Two teammates from the USA team are jumping in the air to give high-fives while two teammates watch."", ""Two female members of team USA performing a jump high-five surrounded by two other female members."", ""Two volleyball girls team both jumping for a double high-five"", ""A group of volleyball girls high-fiving each other in a gym."", ""Females, who are on team usa, jump in the air excitedly.""]"
flickr30k_2256,1717077532.jpg,/workspace/Semana4/Proyecto/data/processed/flickr30k_hf/images/1717077532.jpg,val,"A young woman and older woman wear traditional saris as they spin textiles, three people are pictured at only the waists, and wear modern clothes.",,"[""A young woman and older woman wear traditional saris as they spin textiles, three people are pictured at only the waists, and wear modern clothes."", ""In a public area, a young girl in a pink dress sits next to an older woman who works a primitive device to make brown thread."", ""A woman and a girl are sitting on a tile floor behind a wooden rack for weaving."", ""A woman and a girl on a floor surrounded by brown, spun cloth."", ""Two women are sitting next to each other on the ground.""]"
flickr30k_2260,17186135.jpg,/workspace/Semana4/Proyecto/data/processed/flickr30k_hf/images/17186135.jpg,test,A man with long hair pulled into a ponytail and thick framed black glasses stands at a stove stirring a pot of boiling water.,,"[""A man with long hair pulled into a ponytail and thick framed black glasses stands at a stove stirring a pot of boiling water."", ""Man with a white T-shirt and black rimmed glasses cooking a pot of food on the stove."", ""Young white male preparing food on the stove top."", ""A man stirring a pot of liquid in this kitchen."", ""A man with glasses stirs a pot on the stove.""]"
flickr30k_2265,172092464.jpg,/workspace/Semana4/Proyecto/data/processed/flickr30k_hf/images/172092464.jpg,test,A young man is wakeboarding on a body of water.,,"[""A young man is wakeboarding on a body of water."", ""The boy is wakeboarding on the lake."", ""A guy waterskiing behind a boat."", ""A man wakeboards on a lake."", ""Blond boy waterskiing.""]"
flickr30k_2274,172892648.jpg,/workspace/Semana4/Proyecto/data/processed/flickr30k_hf/images/172892648.jpg,val,Person dressed in heavy winter clothes with cap on walking in some deep snow,,"[""Person dressed in heavy winter clothes with cap on walking in some deep snow"", ""Woman wearing black snow pants and jacket, walking down a snowy hill."", ""Woman wearing black snow gear walking down a snow covered slope."", ""Women walking through deep snow and down a steep hill."", ""A person is breaking trail on a snowy hill.""]"
flickr30k_2283,1732567333.jpg,/workspace/Semana4/Proyecto/data/processed/flickr30k_hf/images/1732567333.jpg,val,"A man wearing a uniform is standing just inside the back of a delivery truck, while two other men are standing on the ground near the truck.",,"[""A man wearing a uniform is standing just inside the back of a delivery truck, while two other men are standing on the ground near the truck."", ""The FedEx driver listens to the workman in the green hard hat while the equipment to ship is being loaded."", ""A man standing in a truck next to a big green metal box and two men standing below him."", ""Three men are trying to load an aqua cabinet onto a FedEx truck."", ""Three men loading a large item onto a fedEx truck.""]"
flickr30k_2312,1745110280.jpg,/workspace/Semana4/Proyecto/data/processed/flickr30k_hf/images/1745110280.jpg,val,Stretched image of a brown dog with a white patch of fur in his chest area sitting in the grass with trees in the background.,,"[""Stretched image of a brown dog with a white patch of fur in his chest area sitting in the grass with trees in the background."", ""A caramel colored dog sits in front of trees looking forward."", ""A brown dog with a black collar stands next to a bush."", ""A sad looking dog sitting next to shrubs."", ""The brown dog is wearing a black collar.""]"
flickr30k_2319,1749702972.jpg,/workspace/Semana4/Proyecto/data/processed/flickr30k_hf/images/1749702972.jpg,test,Several people walking past a food cart on a city street.,,"[""Several people walking past a food cart on a city street."", ""A vendor on a busy street is selling food."", ""Picture of a hotdog vendor in the street."", ""A man is working a hotdog stand."", ""Hotdog stand on a busy street""]"
flickr30k_2324,1752454466.jpg,/workspace/Semana4/Proyecto/data/processed/flickr30k_hf/images/1752454466.jpg,val,A brown and white dog exiting a yellow and blue ramp in a grassy area.,,"[""A brown and white dog exiting a yellow and blue ramp in a grassy area."", ""A brown a white dog runs down a yellow and blue ramp."", ""A brown and white dog running off of an obstacle."", ""This dog is done running down the yellow board."", ""A brown and white dog is running down a ramp.""]"
flickr30k_2326,175369436.jpg,/workspace/Semana4/Proyecto/data/processed/flickr30k_hf/images/175369436.jpg,val,A little boy sitting on the wood floor with a book on his table.,,"[""A little boy sitting on the wood floor with a book on his table."", ""A young boy with a book sits on the floor in front of a table."", ""A young Tibetan boy sitting at a low table with a book."", ""A child is getting ready to read a book."", ""A young boy sitting with a book.""]"
flickr30k_2330,175556963.jpg,/workspace/Semana4/Proyecto/data/processed/flickr30k_hf/images/175556963.jpg,test,A group of spectators sitting in lawn chairs in the street facing a building and drinking beer.,,"[""A group of spectators sitting in lawn chairs in the street facing a building and drinking beer."", ""People sitting around in a semi circle all looking in the same direction."", ""A large group of people of various ages and genders sit outside together."", ""People sit in green chairs at tables in the street."", ""Some of the people in the crowd are having a drink""]"
flickr30k_2388,1791491934.jpg,/workspace/Semana4/Proyecto/data/processed/flickr30k_hf/images/1791491934.jpg,val,An Asian man wearing a blue long-sleeve shirt and patterned pants is working with an old looking machine.,,"[""An Asian man wearing a blue long-sleeve shirt and patterned pants is working with an old looking machine."", ""A older Japanese man trying to fix a small red and gray machine."", ""A man in camouflage pants sits next to machinery."", ""Asian man in blue shirt works with a machine"", ""A worker is sitting down near a saw.""]"
flickr30k_2410,1798209205.jpg,/workspace/Semana4/Proyecto/data/processed/flickr30k_hf/images/1798209205.jpg,test,A blond woman pours a glass of wine in a dim restaurant.,,"[""A blond woman pours a glass of wine in a dim restaurant."", ""A woman in a restaurant pouring wine into a clear glass."", ""A blond-haired woman is pouring drinks at a bar."", ""A woman with a tag is pouring red wine in a glass"", ""A lady in the kitchen is pouring wine.""]"
flickr30k_2412,179828434.jpg,/workspace/Semana4/Proyecto/data/processed/flickr30k_hf/images/179828434.jpg,test,A little boy is wearing a blue and white shirt while holding a toy animal that is either a crocodile or an alligator.,,"[""A little boy is wearing a blue and white shirt while holding a toy animal that is either a crocodile or an alligator."", ""A small child wearing a blue and white t-shirt happily holding a yellow plastic alligator."", ""A little boy in a light blue shirt playing outside with a toy crocodile."", ""A young smiling child holds his toy alligator up to the camera."", ""A little boy holding a baby reptile.""]"
flickr30k_2429,1801663973.jpg,/workspace/Semana4/Proyecto/data/processed/flickr30k_hf/images/1801663973.jpg,test,A large woman with long pink hair dressed in black is laying on a tree trunk talking to a man who is crouched down next to her.,,"[""A large woman with long pink hair dressed in black is laying on a tree trunk talking to a man who is crouched down next to her."", ""A red-haired woman in black is posing for a man while resting on a tree."", ""A girl with bright red-hair and black clothes is posing on a tree trunk."", ""A girl laying on the tree with a boy kneeling before her."", ""A woman with pink hair dressed in black talks to a man.""]"
flickr30k_2433,180209719.jpg,/workspace/Semana4/Proyecto/data/processed/flickr30k_hf/images/180209719.jpg,test,A sushi restaurant with a man cooking while in the background is a man and young boy sitting at a table.,,"[""A sushi restaurant with a man cooking while in the background is a man and young boy sitting at a table."", ""The man in a Japanese cooking suit is preparing a meal for two people."", ""A teppanyaki chef prepares dinner for restaurant guests."", ""A man cooking at a restaurant in front of diners."", ""A chef cooking at a hibachi grill.""]"
flickr30k_2434,180217379.jpg,/workspace/Semana4/Proyecto/data/processed/flickr30k_hf/images/180217379.jpg,val,"An adult and a child, both wearing hats, are outside, looking at a black and white rooster in a cage.",,"[""An adult and a child, both wearing hats, are outside, looking at a black and white rooster in a cage."", ""A woman is watching her child, who is in front of a chicken inside a cage."", ""A young child and a woman are standing around a caged rooster."", ""A woman is showing her little boy a rooster in a cage."", ""A child is observing a chicken in a cage.""]"
flickr30k_2458,1809758121.jpg,/workspace/Semana4/Proyecto/data/processed/flickr30k_hf/images/1809758121.jpg,test,A girl leaps through the air while running on the riverbank.,,"[""A girl leaps through the air while running on the riverbank."", ""A little girl jumps from one rock to another in a creek."", ""A girl jumping from one rock to another in a creek."", ""A blond girl wearing blue jumping across a stream."", ""A girl hops across the river, from rock to rock.""]"
flickr30k_2476,1814391289.jpg,/workspace/Semana4/Proyecto/data/processed/flickr30k_hf/images/1814391289.jpg,val,A young child in a costume rings the door bell of a gray house.,,"[""A young child in a costume rings the door bell of a gray house."", ""A child that is dressed as Spiderman is ringing the doorbell."", ""At Halloween, this little spiderman waits to get some candy."", ""A child dressed as Spiderman ringing a doorbell."", ""A boy dressed as Spiderman ringing a door bell""]"
flickr30k_2522,1836335410.jpg,/workspace/Semana4/Proyecto/data/processed/flickr30k_hf/images/1836335410.jpg,val,Man dressed up in black and brown and holding a white light saber.,,"[""Man dressed up in black and brown and holding a white light saber."", ""A man wearing a black outfit holding on to a glowing sword."", ""The man is playing with his Star Wars light sword."", ""A man dressed in brown holding a light saber."", ""The man holds a light Sabre.""]"
flickr30k_2523,183647966.jpg,/workspace/Semana4/Proyecto/data/processed/flickr30k_hf/images/183647966.jpg,test,A man waring a polo shirt fixes a ticket machine while persons line up at an adjoining machine.,,"[""A man waring a polo shirt fixes a ticket machine while persons line up at an adjoining machine."", ""A woman dressed in black with shopping bags is waiting on the sidewalk."", ""A male worker with his tool box is kneeling next to two women."", ""A man working on a ticket machine as two women stand near."", ""A man working on a ticket box.""]"
flickr30k_2527,1837976956.jpg,/workspace/Semana4/Proyecto/data/processed/flickr30k_hf/images/1837976956.jpg,val,A woman with black hair wearing a black and white polka-dot dress is singing into a microphone.,,"[""A woman with black hair wearing a black and white polka-dot dress is singing into a microphone."", ""A young woman stands singing at a microphone while a man behind her holds a guitar."", ""A woman sings into a microphone with a guitar player in the background."", ""A woman in a polka dot top is singing into a microphone."", ""A girl in a polka dot dress singing into a microphone.""]"
flickr30k_2551,185404966.jpg,/workspace/Semana4/Proyecto/data/processed/flickr30k_hf/images/185404966.jpg,test,An old man with arms outstretched sits against a wooden wall between a woman and another man.,,"[""An old man with arms outstretched sits against a wooden wall between a woman and another man."", ""Old man with black shirt throws hands up while sitting next to white woman and white man."", ""A gray-haired man is sitting down with his arm stretched out."", ""An older man is opening his arms wide and looking perplexed."", ""A man in a gray shirt holds his hands in the air.""]"
flickr30k_2572,18638572.jpg,/workspace/Semana4/Proyecto/data/processed/flickr30k_hf/images/18638572.jpg,test,"A young boy wearing a white tunic, white pants, and a yellow belt is standing on his left leg with his right leg extended in a karate pose.",,"[""A young boy wearing a white tunic, white pants, and a yellow belt is standing on his left leg with his right leg extended in a karate pose."", ""One little boy working hard in his martial arts class."", ""A child in a white karate outfit practicing a move"", ""A young boy practices martial arts."", ""A young child practicing karate.""]"
flickr30k_2600,1874530310.jpg,/workspace/Semana4/Proyecto/data/processed/flickr30k_hf/images/1874530310.jpg,test,Three construction workers are digging a whole next to a wall in a field.,,"[""Three construction workers are digging a whole next to a wall in a field."", ""Three men wearing safety vests and doing yard work in a field."", ""Three men in reflective vests doing yard work in a field."", ""Three men in same colored vests are in the outdoors."", ""Three men work behind a short wall.""]"
flickr30k_2605,1877161207.jpg,/workspace/Semana4/Proyecto/data/processed/flickr30k_hf/images/1877161207.jpg,val,Two women sit on the beach in holes seem to be digging for something with rocks and sand all around them.,,"[""Two women sit on the beach in holes seem to be digging for something with rocks and sand all around them."", ""Two women are sitting in ditches of dirt with two buckets and a purse close by."", ""Two people are kneeling in two holes next to a couple of pails."", ""Workers working in the mud and sand."", ""Twp children dig holes in the dirt.""]"
flickr30k_2615,1881494074.jpg,/workspace/Semana4/Proyecto/data/processed/flickr30k_hf/images/1881494074.jpg,test,A woman takes a picture of a baby wearing a pink hat while a man carries her.,,"[""A woman takes a picture of a baby wearing a pink hat while a man carries her."", ""A man is holding his baby while a woman takes a picture of the baby."", ""A baby with a pink hat, held by a man in red and a woman in pink."", ""A woman takes a photo of a baby being held by a man."", ""Woman is taking a picture of a baby in a pink hat.""]"
flickr30k_2662,190965502.jpg,/workspace/Semana4/Proyecto/data/processed/flickr30k_hf/images/190965502.jpg,val,Several people lay out in the sun on white lawn chairs by a body of water.,,"[""Several people lay out in the sun on white lawn chairs by a body of water."", ""Many of the chairs are empty with only a few people enjoying the sun."", ""White lounge chairs are lined up at a resort for sunbathers."", ""Two people are relaxing on a beach amidst lounge chairs"", ""People are lying on lounge chairs.""]"
flickr30k_2678,1916798494.jpg,/workspace/Semana4/Proyecto/data/processed/flickr30k_hf/images/1916798494.jpg,test,"A number of people are sitting in blue chairs in a room, looking at computer screens while wearing earphones.",,"[""A number of people are sitting in blue chairs in a room, looking at computer screens while wearing earphones."", ""A large group of kids in a room sitting on front of there computers with orange barriers separating them."", ""Many youth are gathered in a computer lab working at computers while wearing headphones."", ""Many people wearing headphones are sitting in blue chairs looking at computers."", ""A group of mostly asian children sitting at cubicles in blue chairs.""]"
flickr30k_2690,1921102799.jpg,/workspace/Semana4/Proyecto/data/processed/flickr30k_hf/images/1921102799.jpg,test,"A young boy, playing soccer, is wearing a green jersey and black shorts and has his face buried in his hands.",,"[""A young boy, playing soccer, is wearing a green jersey and black shorts and has his face buried in his hands."", ""A young boy in a soccer uniform crying into his palms."", ""A kid is crying because he got hurt while playing."", ""A child expresses emotion on the soccer field."", ""A young soccer boy crying in the soccer field""]"
flickr30k_2737,194197375.jpg,/workspace/Semana4/Proyecto/data/processed/flickr30k_hf/images/194197375.jpg,val,Six men seat in a wooden boat while two are the background surrounded by logs and a green landscape,,"[""Six men seat in a wooden boat while two are the background surrounded by logs and a green landscape"", ""A group of fishermen on a boat tied up in a bay, with piles of driftwood near them."", ""Some men are sitting on a boat near a beach covered in stacked logs and sticks."", ""Behind a pile of wood on a beach a group of men stand in a wooden boat."", ""A group of black gentlemen sit sail to go on a fishing trip.""]"
flickr30k_2749,1944813674.jpg,/workspace/Semana4/Proyecto/data/processed/flickr30k_hf/images/1944813674.jpg,val,"A young boy carrying a big black plastic bag over his shoulder, crossing a dirt road.",,"[""A young boy carrying a big black plastic bag over his shoulder, crossing a dirt road."", ""A young man is carrying something in a large black plastic garbage bag."", ""A dark-haired boy carrying a large black trash bag over his shoulder."", ""A young man carries something in a black trash bag."", ""A boy carrying a black trash back on his back""]"
flickr30k_2788,1957683077.jpg,/workspace/Semana4/Proyecto/data/processed/flickr30k_hf/images/1957683077.jpg,test,A woman with a black shirt and tan apron is standing behind a counter in a restaurant.,,"[""A woman with a black shirt and tan apron is standing behind a counter in a restaurant."", ""A female barista dressed in black is making coffee behind a counter."", ""A girl in a black shirt is smiling as she works behind a bar."", ""A happy woman is preparing a refreshment at a coffee shop."", ""A young woman is working in a kitchen.""]"
flickr30k_2803,196521598.jpg,/workspace/Semana4/Proyecto/data/processed/flickr30k_hf/images/196521598.jpg,test,A construction worker is driving heavy equipment at a work site.,,"[""A construction worker is driving heavy equipment at a work site."", ""A man in an orange safety vest is using a piece of machinery."", ""A man using a bulldozer on a construction site."", ""Heavy machinery in a construction zone."", ""Construction equipment at work.""]"
flickr30k_2848,198534816.jpg,/workspace/Semana4/Proyecto/data/processed/flickr30k_hf/images/198534816.jpg,test,"A softball player dressed in a maroon and gold uniform, at home plate with a catcher and umpire, prepares to run after hitting the ball.",,"[""A softball player dressed in a maroon and gold uniform, at home plate with a catcher and umpire, prepares to run after hitting the ball."", ""A Pride softball team member hits the ball and runs towards first base while the umpire and catcher watch the ball."", ""A girl dressed in a red uniform is hitting a softball with a bat while a catcher and home plate umpire look on."", ""A woman runs after making a hit in women's softball, the catcher rises to her feet."", ""Girl hits a ball and the catcher looks on.""]"
flickr30k_2851,1989609.jpg,/workspace/Semana4/Proyecto/data/processed/flickr30k_hf/images/1989609.jpg,test,A man wearing blue coveralls is handing a tool to another person.,,"[""A man wearing blue coveralls is handing a tool to another person."", ""A man in a navy blue jacket holding a tool in his dirty hand."", ""A man in a work uniform passing a tool to another person."", ""Man in a blue jumpsuit attempts to repair an escalator."", ""A man with a mustache works on a broken escalator.""]"
flickr30k_2906,202174004.jpg,/workspace/Semana4/Proyecto/data/processed/flickr30k_hf/images/202174004.jpg,test,Climbers with hiking boots and blue helmets ascend a snow covered mountain.,,"[""Climbers with hiking boots and blue helmets ascend a snow covered mountain."", ""A group of hikers are climbing up a snowy mountain."", ""A group of people are hiking up an icy hillside."", ""Five people in full gear are mountain climbing."", ""A group of people are climbing in cold weather.""]"
flickr30k_2909,202175131.jpg,/workspace/Semana4/Proyecto/data/processed/flickr30k_hf/images/202175131.jpg,test,A mountaineer about to descend down a mountain with a blue helmet on.,,"[""A mountaineer about to descend down a mountain with a blue helmet on."", ""A boy in blue shorts and a white shirt begins repelling down a rock."", ""A person wearing a blue hard hat working with rope."", ""Man in white shirt descends a rock cliff."", ""A man rock climbing in a forest.""]"
flickr30k_2955,204150602.jpg,/workspace/Semana4/Proyecto/data/processed/flickr30k_hf/images/204150602.jpg,test,"A man in long pants does a handstand on a large, circular object in the evening.",,"[""A man in long pants does a handstand on a large, circular object in the evening."", ""A man is doing a handstand on top of a circular sculpture covered with graffiti."", ""Someone is doing a handstand on the top of an outdoor sculpture."", ""A man doing handstand on top of a round statue."", ""A person does a handstand on public art.""]"
flickr30k_2956,2041867793.jpg,/workspace/Semana4/Proyecto/data/processed/flickr30k_hf/images/2041867793.jpg,test,A child sitting at a restaurant table holding a paper mask against his face.,,"[""A child sitting at a restaurant table holding a paper mask against his face."", ""A child with a mask on sitting at a table with a plate in front."", ""The boy is wearing a cardboard scuba mask at the restaurant."", ""Child in a restaurant posing with a paper mask"", ""A young child wearing a mask at Ivars.""]"
flickr30k_2968,2043372516.jpg,/workspace/Semana4/Proyecto/data/processed/flickr30k_hf/images/2043372516.jpg,val,A large bearded man flips a crepe or omelet in midair with his frying pan.,,"[""A large bearded man flips a crepe or omelet in midair with his frying pan."", ""An older, overweight man flips a pancake while making breakfast."", ""A man stands in a kitchen, flipping a crepe on a frying pan."", ""Ann older man with a gray beard is cooking in the kitchen."", ""A man in an urban dwelling prepares a meal.""]"
flickr30k_3008,2052202553.jpg,/workspace/Semana4/Proyecto/data/processed/flickr30k_hf/images/2052202553.jpg,test,A reddish brown dog walking in water carrying a stick in his mouth.,,"[""A reddish brown dog walking in water carrying a stick in his mouth."", ""A dog is running through a creek with a stick in its mouth."", ""A brown dog wades into a lake to retrieve a stick."", ""A dog carries a very big stick through the water."", ""A dog holds a stick in its mouth in the water.""]"
flickr30k_3032,205675005.jpg,/workspace/Semana4/Proyecto/data/processed/flickr30k_hf/images/205675005.jpg,val,A man in a yellow suit is kneeling on top of a piano while another man in yellow has a musical instrument in his hands.,,"[""A man in a yellow suit is kneeling on top of a piano while another man in yellow has a musical instrument in his hands."", ""Men wearing yellow suits are on stage with a piano and one man is playing an upright bass."", ""Two jazz musicians are wearing yellow suits and performing on stage."", ""Two performers with yellow suits are playing on stage."", ""Two men performing on instruments.""]"
flickr30k_3078,2063399864.jpg,/workspace/Semana4/Proyecto/data/processed/flickr30k_hf/images/2063399864.jpg,test,"Two children wearing hats are standing on the shoreline, and a woman is holding one child by the arm while the other is fishing.",,"[""Two children wearing hats are standing on the shoreline, and a woman is holding one child by the arm while the other is fishing."", ""An adult wearing a black shirt and tan pants is standing at the water's edge with two children."", ""A mother teaches her two young boys to fish off of a rocky coast into very blue water."", ""Two young children and an adult are fishing on the shoreline near large rocks."", ""A family fishes off the edge of a beach.""]"
flickr30k_3082,2064046067.jpg,/workspace/Semana4/Proyecto/data/processed/flickr30k_hf/images/2064046067.jpg,test,A young child walks down a gravel path lined with a row of red outdoor chairs.,,"[""A young child walks down a gravel path lined with a row of red outdoor chairs."", ""A racetrack with red chairs stacked beside fence with a child walking."", ""A child in a striped shirt walks by some red chairs."", ""A child walking and leaving a trail behind them."", ""A little kid is walking next to red banners.""]"
flickr30k_3085,2064780645.jpg,/workspace/Semana4/Proyecto/data/processed/flickr30k_hf/images/2064780645.jpg,val,The setting sun outlines a group of four people and the surrounding trees.,,"[""The setting sun outlines a group of four people and the surrounding trees."", ""A group of people standing in front of a setting sun."", ""Several people are standing near trees at dusk."", ""The sun is setting behind a group of people."", ""Children in a field at dusk.""]"
flickr30k_3087,2064792226.jpg,/workspace/Semana4/Proyecto/data/processed/flickr30k_hf/images/2064792226.jpg,test,A girl sits on a decorated bike with a younger boy while another girl takes a picture.,,"[""A girl sits on a decorated bike with a younger boy while another girl takes a picture."", ""A girl is taking a picture of a girl and guy on a colorfully decorated pink bike."", ""Two people ride a colorful bike while a blond woman takes their picture."", ""Two people ridding a colorfully decorated bicycle."", ""Two people on a bicycle are posing for a picture""]"
flickr30k_3096,2066241589.jpg,/workspace/Semana4/Proyecto/data/processed/flickr30k_hf/images/2066241589.jpg,val,A black and brown dog is biting on a stick in the forest.,,"[""A black and brown dog is biting on a stick in the forest."", ""A brown dog chewing on a large piece of wood."", ""A dark brown dog is chewing on a stick."", ""The brown dog is playing with a stick."", ""A brown dog is chewing on a stick.""]"
flickr30k_3097,2066271441.jpg,/workspace/Semana4/Proyecto/data/processed/flickr30k_hf/images/2066271441.jpg,test,Black dog paddles through the water with a bright ball in its mouth.,,"[""Black dog paddles through the water with a bright ball in its mouth."", ""A black dog swims in water with a colorful ball in his mouth."", ""A black dog is swimming with a ball in his mouth."", ""A black dog carrying a colorful ball swims."", ""A black dog is retrieving a ball in water.""]"
flickr30k_3104,2067833088.jpg,/workspace/Semana4/Proyecto/data/processed/flickr30k_hf/images/2067833088.jpg,val,"A man in camouflage hiking gear, wearing a green pouch is standing in the foothills.",,"[""A man in camouflage hiking gear, wearing a green pouch is standing in the foothills."", ""A person in hiking gear is standing on a hill with a mountain in the background."", ""A man in a green hat standing on a slope in front of a mountain."", ""A hiker posing for a photo in an arid mountain landscape."", ""A man in a green hat poses in the mountains""]"
flickr30k_3105,2068403258.jpg,/workspace/Semana4/Proyecto/data/processed/flickr30k_hf/images/2068403258.jpg,val,Man in white shirt flipping young boy in the water with four other boys surrounding them.,,"[""Man in white shirt flipping young boy in the water with four other boys surrounding them."", ""An airborne kid is watched by his launcher and others."", ""A group of children play in the water under a bridge."", ""A boy gets flipped into the river by another boy."", ""Boys jump off a bridge into the water.""]"
flickr30k_3109,2069110603.jpg,/workspace/Semana4/Proyecto/data/processed/flickr30k_hf/images/2069110603.jpg,test,A man in a blue shirt is kicking a yellow object while other students are practicing karate in the background.,,"[""A man in a blue shirt is kicking a yellow object while other students are practicing karate in the background."", ""A man in white pants and a blue shirt is kicking a yellow boxing bag."", ""A man is practicing his kicks on a punching bag in a gym."", ""Man in a blue shirt practicing karate."", ""A man kicking a workout bag.""]"
flickr30k_3115,207015505.jpg,/workspace/Semana4/Proyecto/data/processed/flickr30k_hf/images/207015505.jpg,val,A woman in a white halter top and a man wearing a white shirt and holding blue cotton candy are both smiling.,,"[""A woman in a white halter top and a man wearing a white shirt and holding blue cotton candy are both smiling."", ""A young man in a white shirt holding cotton candy next to a young woman in a white tank top."", ""A woman in white with her arms folded smiling as a man is laughing holding cotton candy."", ""A woman is smiling next to man who is also smiling while holding cotton candy cone."", ""People laughing and eating cotton candy.""]"
flickr30k_3130,2072331027.jpg,/workspace/Semana4/Proyecto/data/processed/flickr30k_hf/images/2072331027.jpg,test,A Chinese + man and younger boy in some type of worship place worshiping.,,"[""A Chinese + man and younger boy in some type of worship place worshiping."", ""A young boy and an old men involved in some type of ritual ceremony."", ""Old woman in yellow holding tissue over young boys head."", ""Two Indian men participating in a ceremony."", ""Young asian man paying his respects.""]"
flickr30k_3162,2076906555.jpg,/workspace/Semana4/Proyecto/data/processed/flickr30k_hf/images/2076906555.jpg,test,A young man with a denim jacket and writing on his hand smiles in front of a bookcase full of videos.,,"[""A young man with a denim jacket and writing on his hand smiles in front of a bookcase full of videos."", ""A boy with a bruised nose and writing on his hands is standing in a video rental store."", ""A boy wearing a jean jacket with his hand on his chest smiling at the camera."", ""A young man in a jean jacket smiles for the camera inside a store."", ""A boy with writing on his hand is standing in a store.""]"
flickr30k_3175,2078709661.jpg,/workspace/Semana4/Proyecto/data/processed/flickr30k_hf/images/2078709661.jpg,val,Two children raise their hands to ask a question to the two women at the front of their classroom.,,"[""Two children raise their hands to ask a question to the two women at the front of their classroom."", ""Two women are standing in front of a class of children talking about a book."", ""Two women are teaching in front of a classroom of young children."", ""Some children participating in a class activity at school."", ""A class of students are raising their hands.""]"
flickr30k_3180,2079499010.jpg,/workspace/Semana4/Proyecto/data/processed/flickr30k_hf/images/2079499010.jpg,val,Two women stand in the front of an elementary classroom while little children are setting in front of them.,,"[""Two women stand in the front of an elementary classroom while little children are setting in front of them."", ""Two ladies in jeans stood in front of three young children with fair hair."", ""Two brunette women talking to a classroom full of blond children."", ""Two adult woman stand in front of a class of young students."", ""The two women are talking to the blond children.""]"
flickr30k_3197,2081446176.jpg,/workspace/Semana4/Proyecto/data/processed/flickr30k_hf/images/2081446176.jpg,val,A person wearing a hat and scarf looks to the right.,,"[""A person wearing a hat and scarf looks to the right."", ""A man wearing a scarf and knitted hat is smiling."", ""The man has a poof on top of his woolen hat."", ""A man in black and white cap and scarf."", ""A guy with a scarf and woven toboggan.""]"
flickr30k_3203,2082620071.jpg,/workspace/Semana4/Proyecto/data/processed/flickr30k_hf/images/2082620071.jpg,val,"A woman in a blue winter coat and a person in a black winter vest are crossing the street when the ""Don't Walk"" sign is lit.",,"[""A woman in a blue winter coat and a person in a black winter vest are crossing the street when the \""Don't Walk\"" sign is lit."", ""Two people are crossing the street, even though the sign says they should not be."", ""Some were in a city with tall buildings and people."", ""Two people crossing the street downtown."", ""Two people walking across a street.""]"
flickr30k_3204,2082663150.jpg,/workspace/Semana4/Proyecto/data/processed/flickr30k_hf/images/2082663150.jpg,val,An elderly gentleman sits on a couch while holding a small dog as another small dog investigates the situation.,,"[""An elderly gentleman sits on a couch while holding a small dog as another small dog investigates the situation."", ""Elderly man poses with his two dogs while sitting on his living room couch."", ""An old man is holding up one dog while his other dog climbs on his lap."", ""A man is interacting with two dogs, holding one of them."", ""A man in glasses holds up his dog.""]"
flickr30k_3245,2088705195.jpg,/workspace/Semana4/Proyecto/data/processed/flickr30k_hf/images/2088705195.jpg,test,"Two men are sitting in a canoe in the middle of a lake, watching the sunset in the background.",,"[""Two men are sitting in a canoe in the middle of a lake, watching the sunset in the background."", ""Two people sitting on a kayak in calm water looking at a marvelous sunset."", ""Two silhouetted people paddle a canoe on the ocean during sunset."", ""Two people canoe down a river at the time of a beautiful sunset."", ""Two people in a canoe on the waterside during sunset.""]"
flickr30k_3304,2095478050.jpg,/workspace/Semana4/Proyecto/data/processed/flickr30k_hf/images/2095478050.jpg,val,Three little girls look on as a boy plays the harmonica with an adult guiutarist sitting beside him.,,"[""Three little girls look on as a boy plays the harmonica with an adult guiutarist sitting beside him."", ""A man is playing a guitar with a child playing a harmonica while three young girls watch."", ""Three children watch a man on stage playing guitar."", ""A man and a boy play music as little girls watch."", ""Three little girls watch a band.""]"
flickr30k_3375,2102902012.jpg,/workspace/Semana4/Proyecto/data/processed/flickr30k_hf/images/2102902012.jpg,val,A boy wearing a yellow jersey is accepting the baton from a female wearing a yellow jersey in a relay race.,,"[""A boy wearing a yellow jersey is accepting the baton from a female wearing a yellow jersey in a relay race."", ""A boy who is taking a stick from a girl in the middle of a race."", ""Children in yellow and orange pinnies gather in a group."", ""A group of kids are competing in a relay."", ""The kids are running a relay race.""]"
flickr30k_3393,210625425.jpg,/workspace/Semana4/Proyecto/data/processed/flickr30k_hf/images/210625425.jpg,val,The car sinks up to the tops of its wheels in the mud.,,"[""The car sinks up to the tops of its wheels in the mud."", ""A four wheel drive car is driving through the mud."", ""There is a jeep stuck in mud up to the doors."", ""A blue Jeep drive into deep, muddy water."", ""A Jeep gets wheel high in mud.""]"
flickr30k_3410,2109370875.jpg,/workspace/Semana4/Proyecto/data/processed/flickr30k_hf/images/2109370875.jpg,val,A woman in a gray hat is aiming her camera in the snow as to take a picture.,,"[""A woman in a gray hat is aiming her camera in the snow as to take a picture."", ""The lady wearing a black hat is taking a picture while the snowfalls."", ""A person wearing a hat takes a picture while its snowing."", ""A person wearing a blue hat takes a photo in the snow."", ""A woman takes a picture as it snows.""]"
flickr30k_3412,211026975.jpg,/workspace/Semana4/Proyecto/data/processed/flickr30k_hf/images/211026975.jpg,test,"People are standing on a crowded subway, and the platform outside is visible through the window.",,"[""People are standing on a crowded subway, and the platform outside is visible through the window."", ""People inside a subway car hold on to the rails while people outside the subway car walk away."", ""A man is standing in the window of a subway car as people walk past."", ""An Asian man with dark hair wearing a dark shirt riding the subway."", ""An Asian man wearing a Nike shirt is on a train in a subway.""]"
flickr30k_3423,2112114341.jpg,/workspace/Semana4/Proyecto/data/processed/flickr30k_hf/images/2112114341.jpg,val,Man in shorts sitting on a tile floor near a window while other people sit or stand nearby.,,"[""Man in shorts sitting on a tile floor near a window while other people sit or stand nearby."", ""A young man in a green t-shirt strums his guitar while sitting cross-legged on the floor."", ""A man with beard sitting down playing an acoustic guitar."", ""A man sitting on the ground, playing guitar."", ""Man playing guitar in a public place.""]"
flickr30k_3425,2112661738.jpg,/workspace/Semana4/Proyecto/data/processed/flickr30k_hf/images/2112661738.jpg,val,A dog treads through a shallow area of water located on a rocky mountainside.,,"[""A dog treads through a shallow area of water located on a rocky mountainside."", ""A dog is standing in a small pool of water on top of a mountain."", ""A white dog standing in a pool of water high in the mountains."", ""A white dog drinks water on a mountainside."", ""A white dog drinks water on a mountain.""]"
flickr30k_3434,2113592981.jpg,/workspace/Semana4/Proyecto/data/processed/flickr30k_hf/images/2113592981.jpg,val,A woman in the middle of a grassy field during autumn jumps in the air and extends her arms over her head.,,"[""A woman in the middle of a grassy field during autumn jumps in the air and extends her arms over her head."", ""An asian woman is jumping in celebration in a park outside the city."", ""A young Asian woman is jumping midair in a crowded city part."", ""A girl jumps in the air in the middle of a city park."", ""Oriental lady jumping in the air with joy.""]"
flickr30k_3437,21138719.jpg,/workspace/Semana4/Proyecto/data/processed/flickr30k_hf/images/21138719.jpg,test,"Man in black pants and vest balances between to pillars, holding two flaming torches in his right hand.",,"[""Man in black pants and vest balances between to pillars, holding two flaming torches in his right hand."", ""A well-dressed man climbing between two columns while holding torches."", ""A man in a suit is straddling two pillars while holding a flame."", ""Juggler standing balanced between two columns"", ""Man scaling wall with fire in hand""]"
flickr30k_3451,2115631346.jpg,/workspace/Semana4/Proyecto/data/processed/flickr30k_hf/images/2115631346.jpg,test,Two brown dogs run across a large snowy yard.,,"[""Two brown dogs run across a large snowy yard."", ""Two brown dogs are running through the snow."", ""Two brown dogs running through the snow."", ""Two dogs race across a snowy field."", ""Two dogs run through a snowy field.""]"
flickr30k_3459,21166859.jpg,/workspace/Semana4/Proyecto/data/processed/flickr30k_hf/images/21166859.jpg,test,A group of musicians are performing on a stage in front of a crowd.,,"[""A group of musicians are performing on a stage in front of a crowd."", ""On stage photo of small band performing for theater audience."", ""A band on stage performing in front of a crowd."", ""A band plays on stage in front of an audience."", ""A band playing on stage for a crowd""]"
flickr30k_3461,21167868.jpg,/workspace/Semana4/Proyecto/data/processed/flickr30k_hf/images/21167868.jpg,val,Two men are playing guitars and one man is singing into a microphone on a stage with the spotlight on them.,,"[""Two men are playing guitars and one man is singing into a microphone on a stage with the spotlight on them."", ""A three man band is performing on stage."", ""Three musicians standing on a stage"", ""3 guys playing music on stage."", ""A band is performing on stage.""]"
flickr30k_3476,2119380659.jpg,/workspace/Semana4/Proyecto/data/processed/flickr30k_hf/images/2119380659.jpg,test,"A woman holds the hand of a wide-eyed baby, in a christmas themed outfit.",,"[""A woman holds the hand of a wide-eyed baby, in a christmas themed outfit."", ""A mother and her baby in his \""First Christmas\"" outfit."", ""A baby is laying on a pillow wearing Christmas pajamas."", ""A baby in a Christmas outfit looks at the camera."", ""A woman smiling at a baby.""]"
flickr30k_3493,212155635.jpg,/workspace/Semana4/Proyecto/data/processed/flickr30k_hf/images/212155635.jpg,val,Young protesters standing on a street corner standing against exploitation of young people's rights.,,"[""Young protesters standing on a street corner standing against exploitation of young people's rights."", ""Three young men and 1 young lady are protesting about the exploitation of young workers."", ""Four people are holding signs of protest while cars pass behind them."", ""Four people are protesting the treatment of young workers by Equinox."", ""Four young Protesters, different colored signs, out Protesting.""]"
flickr30k_3498,2123858003.jpg,/workspace/Semana4/Proyecto/data/processed/flickr30k_hf/images/2123858003.jpg,val,A man grilling meats and mushrooms on a grill.,,"[""A man grilling meats and mushrooms on a grill."", ""A man cooking burgers on a black grill."", ""A man grilling outside his house."", ""The man is cooking on the barbecue."", ""A man cooking on a grill.""]"
flickr30k_3500,212396217.jpg,/workspace/Semana4/Proyecto/data/processed/flickr30k_hf/images/212396217.jpg,test,An eastern Indian man with a mustache and glasses is sitting by a computer.,,"[""An eastern Indian man with a mustache and glasses is sitting by a computer."", ""A man in glasses completes a task beside a monitor that is not on."", ""The man is on a computer playing with sound effects."", ""A man is sitting next to a computer monitor."", ""A man with glasses typing on the computer""]"
flickr30k_3510,212536960.jpg,/workspace/Semana4/Proyecto/data/processed/flickr30k_hf/images/212536960.jpg,val,"A man is walking a dog with a pink, lacy collar while enjoying a beer with a friend.",,"[""A man is walking a dog with a pink, lacy collar while enjoying a beer with a friend."", ""Two men standing on a sidewalk with a tiny dog with a pink lacy collar on."", ""A man in a red baseball cap is leaning against a light pole."", ""A man is leaning against a pole with his drink in his hand."", ""Two men outside drink beers outside with their pet dog.""]"
flickr30k_3529,212857743.jpg,/workspace/Semana4/Proyecto/data/processed/flickr30k_hf/images/212857743.jpg,val,"Children at daycare playing on rings, and poles, one parent standing and holding her child and one teacher is sitting on the bench watching the others play.",,"[""Children at daycare playing on rings, and poles, one parent standing and holding her child and one teacher is sitting on the bench watching the others play."", ""A young boy in yellow t-shirt hanging from a ring with other kids around."", ""A young boy in a yellow shirt is playing outside on monkey bars."", ""A child in a yellow t-shirt is playing in the jungle jim."", ""Children are playing at the playground.""]"
flickr30k_3539,2131161531.jpg,/workspace/Semana4/Proyecto/data/processed/flickr30k_hf/images/2131161531.jpg,test,"A woman wearing a black and white shirt, glasses and has a ring on her right hand, is smiling, while sitting on what appears to be a sofa with a blanket throw on the back of it.",,"[""A woman wearing a black and white shirt, glasses and has a ring on her right hand, is smiling, while sitting on what appears to be a sofa with a blanket throw on the back of it."", ""This lady has heard a funny joke and laughing."", ""A woman sitting with a great big smile."", ""Lady with glasses sitting and smiling."", ""A woman in a sweater is laughing.""]"
flickr30k_3547,213269168.jpg,/workspace/Semana4/Proyecto/data/processed/flickr30k_hf/images/213269168.jpg,val,A little girl wearing a red shirt is sitting at the table in front of a fruit plate.,,"[""A little girl wearing a red shirt is sitting at the table in front of a fruit plate."", ""A child sits, smiling in front of a plate of watermelon and strawberries."", ""A smiling girl, wearing a red top, sits in front of her fruit plate."", ""A little girl in a very pretty strawberry shortcake t-shirt."", ""A small child eating fruit and drinking a glass of juice.""]"
flickr30k_3566,213609234.jpg,/workspace/Semana4/Proyecto/data/processed/flickr30k_hf/images/213609234.jpg,val,"Three people, one tall male in blue polo shirt and khaki shorts with tan shoes, brunette, heavy chested female in white summer blouse and denim shorts, second female wearing yellow rimmed sunglasses, yellow blouse and sandals, walking across a city street.",,"[""Three people, one tall male in blue polo shirt and khaki shorts with tan shoes, brunette, heavy chested female in white summer blouse and denim shorts, second female wearing yellow rimmed sunglasses, yellow blouse and sandals, walking across a city street."", ""One man and two women wearing shorts, walk down the street."", ""Two girls and a boy are walking across an intersection."", ""Two teenage girls and a teenage boy cross a street."", ""Two women and 1 man walking across the street.""]"
flickr30k_3631,2148916767.jpg,/workspace/Semana4/Proyecto/data/processed/flickr30k_hf/images/2148916767.jpg,val,A black poodle jumping on the head of a white poodle while walking in the snow.,,"[""A black poodle jumping on the head of a white poodle while walking in the snow."", ""Black dog jumping over a white dog in a snowy path."", ""A black and white dog playing in the snow together"", ""Two poodles are running through the snow."", ""Two dogs playing in the snow.""]"
flickr30k_3648,2152057198.jpg,/workspace/Semana4/Proyecto/data/processed/flickr30k_hf/images/2152057198.jpg,test,A man in a brown jacket holding a red bag is speaking to another man with a white beard and green cap.,,"[""A man in a brown jacket holding a red bag is speaking to another man with a white beard and green cap."", ""A man on a brown coat is talking to a man with black pants and a man in a suit."", ""Two men are having a conversation in a cathedral or mosque."", ""People inside of a building, one is taking a photo."", ""Two elderly men having a conversation.""]"
flickr30k_3681,2159447283.jpg,/workspace/Semana4/Proyecto/data/processed/flickr30k_hf/images/2159447283.jpg,val,A girl with red-hair and a Spider-Man suit on is sitting on a toy horse while holding her arms up and her mouth open.,,"[""A girl with red-hair and a Spider-Man suit on is sitting on a toy horse while holding her arms up and her mouth open."", ""A young redheaded girl wearing a Spider-Man costume is riding a hobby horse."", ""A little redheaded girl wears a Spider-Man suit while riding a play horse."", ""A young girl in a Spider-Man outfit rides a toy horse."", ""A girl riding a toy horse in a Spider-Man costume""]"
flickr30k_3701,2165461920.jpg,/workspace/Semana4/Proyecto/data/processed/flickr30k_hf/images/2165461920.jpg,test,Four white dogs are running and jumping with masks over their mouth.,,"[""Four white dogs are running and jumping with masks over their mouth."", ""Four muzzled black and white dogs racing over a jump."", ""Four white dogs with muzzles jump over a red wall."", ""A group of dogs wearing muzzles running a race."", ""Dogs racing""]"
flickr30k_3703,2165724565.jpg,/workspace/Semana4/Proyecto/data/processed/flickr30k_hf/images/2165724565.jpg,test,A woman with short black hair in a blue t-shirt holds a baby in pink clothes with a pacifier.,,"[""A woman with short black hair in a blue t-shirt holds a baby in pink clothes with a pacifier."", ""A woman with short hair holds a small baby in her arms."", ""The woman with the blue shirt is holding a baby."", ""A woman in a blue shirt talking to a baby."", ""A woman talks to her newborn child.""]"
flickr30k_3724,2169788484.jpg,/workspace/Semana4/Proyecto/data/processed/flickr30k_hf/images/2169788484.jpg,test,Two people are seated in striped outdoor chairs which are placed in a body of water and one man is holding a large fishing pole.,,"[""Two people are seated in striped outdoor chairs which are placed in a body of water and one man is holding a large fishing pole."", ""Two people are sitting fishing on striped beach chairs in a body of water."", ""Two men sit in beach chairs in the shallows as one goes fishing."", ""Two men are sitting in chairs in the water fishing."", ""Men sitting in chairs in shallow water fishing.""]"
